consumption_ID;country_ID;year_ID;category_ID;consumption_MEUR
EU10_C01;EU;10;C01;758693.2
EU11_C01;EU;11;C01;774496.5
EU12_C01;EU;12;C01;790805.2
EU13_C01;EU;13;C01;800906.9
EU14_C01;EU;14;C01;806428.5
EU15_C01;EU;15;C01;827869.4
EU16_C01;EU;16;C01;841192.8
EU17_C01;EU;17;C01;872287.6
EU18_C01;EU;18;C01;896995.0
EU19_C01;EU;19;C01;920692.8
EU20_C01;EU;20;C01;974837.2
EU21_C01;EU;21;C01;999017.4
EU22_C01;EU;22;C01;1079750.0
EU23_C01;EU;23;C01;1162034.8
BE10_C01;BE;10;C01;22666.9
BE11_C01;BE;11;C01;22756.1
BE12_C01;BE;12;C01;23860.3
BE13_C01;BE;13;C01;24476.5
BE14_C01;BE;14;C01;24902.3
BE15_C01;BE;15;C01;25604.9
BE16_C01;BE;16;C01;26072.5
BE17_C01;BE;17;C01;26607.3
BE18_C01;BE;18;C01;27235.6
BE19_C01;BE;19;C01;27761.1
BE20_C01;BE;20;C01;28946.2
BE21_C01;BE;21;C01;29278.8
BE22_C01;BE;22;C01;30215.1
BE23_C01;BE;23;C01;31991.1
BG10_C01;BG;10;C01;5171.7
BG11_C01;BG;11;C01;5317.2
BG12_C01;BG;12;C01;5469.4
BG13_C01;BG;13;C01;5243.3
BG14_C01;BG;14;C01;5533.3
BG15_C01;BG;15;C01;5821.8
BG16_C01;BG;16;C01;6138.7
BG17_C01;BG;17;C01;6453.4
BG18_C01;BG;18;C01;6803.0
BG19_C01;BG;19;C01;7076.6
BG20_C01;BG;20;C01;7518.2
BG21_C01;BG;21;C01;8329.9
BG22_C01;BG;22;C01;10634.2
BG23_C01;BG;23;C01;11374.5
CZ10_C01;CZ;10;C01;11412.6
CZ11_C01;CZ;11;C01;12401.7
CZ12_C01;CZ;12;C01;12832.5
CZ13_C01;CZ;13;C01;12745.3
CZ14_C01;CZ;14;C01;12612.4
CZ15_C01;CZ;15;C01;12993.2
CZ16_C01;CZ;16;C01;13600.2
CZ17_C01;CZ;17;C01;14974.0
CZ18_C01;CZ;18;C01;15831.2
CZ19_C01;CZ;19;C01;16614.3
CZ20_C01;CZ;20;C01;16719.1
CZ21_C01;CZ;21;C01;17334.7
CZ22_C01;CZ;22;C01;20223.2
CZ23_C01;CZ;23;C01;21647.0
DK10_C01;DK;10;C01;12686.7
DK11_C01;DK;11;C01;13006.3
DK12_C01;DK;12;C01;13586.5
DK13_C01;DK;13;C01;13924.5
DK14_C01;DK;14;C01;13996.0
DK15_C01;DK;15;C01;14202.0
DK16_C01;DK;16;C01;14971.9
DK17_C01;DK;17;C01;15604.2
DK18_C01;DK;18;C01;16022.9
DK19_C01;DK;19;C01;16364.0
DK20_C01;DK;20;C01;17543.6
DK21_C01;DK;21;C01;18444.7
DK22_C01;DK;22;C01;19602.7
DK23_C01;DK;23;C01;19911.9
DE10_C01;DE;10;C01;141767.0
DE11_C01;DE;11;C01;139959.0
DE12_C01;DE;12;C01;144306.0
DE13_C01;DE;13;C01;146937.0
DE14_C01;DE;14;C01;152700.0
DE15_C01;DE;15;C01;160583.0
DE16_C01;DE;16;C01;163786.0
DE17_C01;DE;17;C01;169523.0
DE18_C01;DE;18;C01;176647.0
DE19_C01;DE;19;C01;182262.0
DE20_C01;DE;20;C01;196129.0
DE21_C01;DE;21;C01;204146.0
DE22_C01;DE;22;C01;220202.0
DE23_C01;DE;23;C01;231733.0
EE10_C01;EE;10;C01;1572.7
EE11_C01;EE;11;C01;1714.0
EE12_C01;EE;12;C01;1827.0
EE13_C01;EE;13;C01;2021.3
EE14_C01;EE;14;C01;2179.9
EE15_C01;EE;15;C01;2221.8
EE16_C01;EE;16;C01;2278.0
EE17_C01;EE;17;C01;2406.2
EE18_C01;EE;18;C01;2532.9
EE19_C01;EE;19;C01;2658.1
EE20_C01;EE;20;C01;2799.9
EE21_C01;EE;21;C01;2941.1
EE22_C01;EE;22;C01;3452.1
EE23_C01;EE;23;C01;3842.5
IE10_C01;IE;10;C01;7334.6
IE11_C01;IE;11;C01;7647.7
IE12_C01;IE;12;C01;7975.7
IE13_C01;IE;13;C01;8113.2
IE14_C01;IE;14;C01;7835.5
IE15_C01;IE;15;C01;7963.6
IE16_C01;IE;16;C01;8265.7
IE17_C01;IE;17;C01;8621.6
IE18_C01;IE;18;C01;8925.4
IE19_C01;IE;19;C01;9303.2
IE20_C01;IE;20;C01;9584.6
IE21_C01;IE;21;C01;10082.6
IE22_C01;IE;22;C01;10629.4
IE23_C01;IE;23;C01;11682.8
ES10_C01;ES;10;C01;80117.0
ES11_C01;ES;11;C01;81424.0
ES12_C01;ES;12;C01;82027.0
ES13_C01;ES;13;C01;83018.0
ES14_C01;ES;14;C01;83530.0
ES15_C01;ES;15;C01;85614.0
ES16_C01;ES;16;C01;86024.0
ES17_C01;ES;17;C01;87103.0
ES18_C01;ES;18;C01;90779.0
ES19_C01;ES;19;C01;92472.0
ES20_C01;ES;20;C01;98428.0
ES21_C01;ES;21;C01;97523.0
ES22_C01;ES;22;C01;103735.0
ES23_C01;ES;23;C01;110797.0
FR10_C01;FR;10;C01;128553.8
FR11_C01;FR;11;C01;132526.4
FR12_C01;FR;12;C01;137414.4
FR13_C01;FR;13;C01;140360.3
FR14_C01;FR;14;C01;140372.6
FR15_C01;FR;15;C01;142454.7
FR16_C01;FR;16;C01;145079.8
FR17_C01;FR;17;C01;147641.7
FR18_C01;FR;18;C01;149870.9
FR19_C01;FR;19;C01;152921.3
FR20_C01;FR;20;C01;162177.9
FR21_C01;FR;21;C01;162366.3
FR22_C01;FR;22;C01;170087.5
FR23_C01;FR;23;C01;185042.6
IT10_C01;IT;10;C01;138623.3
IT11_C01;IT;11;C01;141596.0
IT12_C01;IT;12;C01;140470.0
IT13_C01;IT;13;C01;140891.1
IT14_C01;IT;14;C01;140761.3
IT15_C01;IT;15;C01;143724.1
IT16_C01;IT;16;C01;144930.4
IT17_C01;IT;17;C01;149292.0
IT18_C01;IT;18;C01;150860.8
IT19_C01;IT;19;C01;152821.1
IT20_C01;IT;20;C01;156542.1
IT21_C01;IT;21;C01;157600.9
IT22_C01;IT;22;C01;167435.3
IT23_C01;IT;23;C01;182196.7
CY10_C01;CY;10;C01;1498.6
CY11_C01;CY;11;C01;1577.4
CY12_C01;CY;12;C01;1620.9
CY13_C01;CY;13;C01;1604.0
CY14_C01;CY;14;C01;1619.6
CY15_C01;CY;15;C01;1646.1
CY16_C01;CY;16;C01;1690.2
CY17_C01;CY;17;C01;1746.3
CY18_C01;CY;18;C01;1769.8
CY19_C01;CY;19;C01;1837.7
CY20_C01;CY;20;C01;1899.4
CY21_C01;CY;21;C01;1924.2
CY22_C01;CY;22;C01;2215.7
CY23_C01;CY;23;C01;2447.3
LV10_C01;LV;10;C01;2255.6
LV11_C01;LV;11;C01;2379.9
LV12_C01;LV;12;C01;2626.2
LV13_C01;LV;13;C01;2850.8
LV14_C01;LV;14;C01;2809.8
LV15_C01;LV;15;C01;2684.6
LV16_C01;LV;16;C01;2733.6
LV17_C01;LV;17;C01;2867.2
LV18_C01;LV;18;C01;3096.3
LV19_C01;LV;19;C01;3199.9
LV20_C01;LV;20;C01;3381.8
LV21_C01;LV;21;C01;3707.5
LV22_C01;LV;22;C01;4281.6
LV23_C01;LV;23;C01;4689.0
HU10_C01;HU;10;C01;8873.4
HU11_C01;HU;11;C01;9282.3
HU12_C01;HU;12;C01;9477.3
HU13_C01;HU;13;C01;9602.6
HU14_C01;HU;14;C01;9728.9
HU15_C01;HU;15;C01;10200.1
HU16_C01;HU;16;C01;10364.4
HU17_C01;HU;17;C01;11491.0
HU18_C01;HU;18;C01;11866.5
HU19_C01;HU;19;C01;12623.6
HU20_C01;HU;20;C01;12631.9
HU21_C01;HU;21;C01;13228.5
HU22_C01;HU;22;C01;14013.7
HU23_C01;HU;23;C01;16362.5
MT10_C01;MT;10;C01;687.3
MT11_C01;MT;11;C01;731.4
MT12_C01;MT;12;C01;748.9
MT13_C01;MT;13;C01;782.8
MT14_C01;MT;14;C01;813.7
MT15_C01;MT;15;C01;828.3
MT16_C01;MT;16;C01;831.3
MT17_C01;MT;17;C01;869.8
MT18_C01;MT;18;C01;896.3
MT19_C01;MT;19;C01;919.4
MT20_C01;MT;20;C01;888.0
MT21_C01;MT;21;C01;932.3
MT22_C01;MT;22;C01;1107.0
MT23_C01;MT;23;C01;1273.6
NL10_C01;NL;10;C01;30475.0
NL11_C01;NL;11;C01;31575.0
NL12_C01;NL;12;C01;32790.0
NL13_C01;NL;13;C01;33377.0
NL14_C01;NL;14;C01;33660.0
NL15_C01;NL;15;C01;34744.0
NL16_C01;NL;16;C01;35411.0
NL17_C01;NL;17;C01;36867.0
NL18_C01;NL;18;C01;37799.0
NL19_C01;NL;19;C01;39602.0
NL20_C01;NL;20;C01;44028.0
NL21_C01;NL;21;C01;45062.0
NL22_C01;NL;22;C01;49307.0
NL23_C01;NL;23;C01;53143.0
AT10_C01;AT;10;C01;15982.5
AT11_C01;AT;11;C01;16617.3
AT12_C01;AT;12;C01;17314.6
AT13_C01;AT;13;C01;17943.6
AT14_C01;AT;14;C01;18237.6
AT15_C01;AT;15;C01;18642.6
AT16_C01;AT;16;C01;18776.6
AT17_C01;AT;17;C01;19525.5
AT18_C01;AT;18;C01;20002.6
AT19_C01;AT;19;C01;20362.5
AT20_C01;AT;20;C01;22105.2
AT21_C01;AT;21;C01;21760.0
AT22_C01;AT;22;C01;23287.2
AT23_C01;AT;23;C01;25294.4
PT10_C01;PT;10;C01;19079.7
PT11_C01;PT;11;C01;19424.1
PT12_C01;PT;12;C01;19812.3
PT13_C01;PT;13;C01;20397.2
PT14_C01;PT;14;C01;20436.9
PT15_C01;PT;15;C01;20991.3
PT16_C01;PT;16;C01;21571.7
PT17_C01;PT;17;C01;22425.1
PT18_C01;PT;18;C01;23077.3
PT19_C01;PT;19;C01;23766.9
PT20_C01;PT;20;C01;24425.0
PT21_C01;PT;21;C01;25787.0
PT22_C01;PT;22;C01;29818.2
PT23_C01;PT;23;C01;31867.33464633744
SI10_C01;SI;10;C01;2971.8
SI11_C01;SI;11;C01;3131.1
SI12_C01;SI;12;C01;3212.7
SI13_C01;SI;13;C01;3152.9
SI14_C01;SI;14;C01;3135.0
SI15_C01;SI;15;C01;3182.7
SI16_C01;SI;16;C01;3261.2
SI17_C01;SI;17;C01;3293.5
SI18_C01;SI;18;C01;3425.8
SI19_C01;SI;19;C01;3645.4
SI20_C01;SI;20;C01;3710.5
SI21_C01;SI;21;C01;3798.4
SI22_C01;SI;22;C01;4555.0
SI23_C01;SI;23;C01;4915.6
SE10_C01;SE;10;C01;20217.5
SE11_C01;SE;11;C01;21863.3
SE12_C01;SE;12;C01;23751.3
SE13_C01;SE;13;C01;24493.6
SE14_C01;SE;14;C01;24095.1
SE15_C01;SE;15;C01;24651.5
SE16_C01;SE;16;C01;25475.6
SE17_C01;SE;17;C01;25897.0
SE18_C01;SE;18;C01;25856.0
SE19_C01;SE;19;C01;25564.6
SE20_C01;SE;20;C01;27471.5
SE21_C01;SE;21;C01;29511.3
SE22_C01;SE;22;C01;30444.5
SE23_C01;SE;23;C01;30530.6
EU10_C02;EU;10;C02;245120.0
EU11_C02;EU;11;C02;252858.4
EU12_C02;EU;12;C02;257443.2
EU13_C02;EU;13;C02;257459.8
EU14_C02;EU;14;C02;258683.2
EU15_C02;EU;15;C02;265607.4
EU16_C02;EU;16;C02;271920.9
EU17_C02;EU;17;C02;277740.5
EU18_C02;EU;18;C02;286542.4
EU19_C02;EU;19;C02;293992.6
EU20_C02;EU;20;C02;305749.7
EU21_C02;EU;21;C02;317793.8
EU22_C02;EU;22;C02;325663.6
EU23_C02;EU;23;C02;339785.4
BE10_C02;BE;10;C02;7418.0
BE11_C02;BE;11;C02;7261.0
BE12_C02;BE;12;C02;7518.3
BE13_C02;BE;13;C02;7882.3
BE14_C02;BE;14;C02;8343.6
BE15_C02;BE;15;C02;8783.6
BE16_C02;BE;16;C02;9213.1
BE17_C02;BE;17;C02;9223.6
BE18_C02;BE;18;C02;9696.6
BE19_C02;BE;19;C02;10026.7
BE20_C02;BE;20;C02;10267.1
BE21_C02;BE;21;C02;10802.9
BE22_C02;BE;22;C02;11296.5
BE23_C02;BE;23;C02;11950.8
BG10_C02;BG;10;C02;1864.4
BG11_C02;BG;11;C02;1922.4
BG12_C02;BG;12;C02;2122.4
BG13_C02;BG;13;C02;1874.2
BG14_C02;BG;14;C02;1565.5
BG15_C02;BG;15;C02;1553.3
BG16_C02;BG;16;C02;1643.1
BG17_C02;BG;17;C02;1751.9
BG18_C02;BG;18;C02;1862.6
BG19_C02;BG;19;C02;2037.2
BG20_C02;BG;20;C02;2057.5
BG21_C02;BG;21;C02;2204.5
BG22_C02;BG;22;C02;2478.4
BG23_C02;BG;23;C02;2808.5
CZ10_C02;CZ;10;C02;6353.1
CZ11_C02;CZ;11;C02;6828.8
CZ12_C02;CZ;12;C02;6771.3
CZ13_C02;CZ;13;C02;6638.0
CZ14_C02;CZ;14;C02;6393.5
CZ15_C02;CZ;15;C02;6889.1
CZ16_C02;CZ;16;C02;7118.8
CZ17_C02;CZ;17;C02;7504.0
CZ18_C02;CZ;18;C02;8249.3
CZ19_C02;CZ;19;C02;8511.6
CZ20_C02;CZ;20;C02;8237.2
CZ21_C02;CZ;21;C02;9133.5
CZ22_C02;CZ;22;C02;10116.4
CZ23_C02;CZ;23;C02;10530.7
DK10_C02;DK;10;C02;4205.8
DK11_C02;DK;11;C02;4464.1
DK12_C02;DK;12;C02;4497.1
DK13_C02;DK;13;C02;4570.9
DK14_C02;DK;14;C02;4558.7
DK15_C02;DK;15;C02;4449.5
DK16_C02;DK;16;C02;4530.6
DK17_C02;DK;17;C02;4662.5
DK18_C02;DK;18;C02;4705.5
DK19_C02;DK;19;C02;4815.7
DK20_C02;DK;20;C02;5066.4
DK21_C02;DK;21;C02;5576.4
DK22_C02;DK;22;C02;5500.2
DK23_C02;DK;23;C02;5324.6
DE10_C02;DE;10;C02;46639.0
DE11_C02;DE;11;C02;48696.0
DE12_C02;DE;12;C02;50066.0
DE13_C02;DE;13;C02;49779.0
DE14_C02;DE;14;C02;51107.0
DE15_C02;DE;15;C02;53559.0
DE16_C02;DE;16;C02;53750.0
DE17_C02;DE;17;C02;54696.0
DE18_C02;DE;18;C02;55919.0
DE19_C02;DE;19;C02;57958.0
DE20_C02;DE;20;C02;61584.0
DE21_C02;DE;21;C02;63730.0
DE22_C02;DE;22;C02;62265.0
DE23_C02;DE;23;C02;64917.0
EE10_C02;EE;10;C02;689.5
EE11_C02;EE;11;C02;767.9
EE12_C02;EE;12;C02;846.5
EE13_C02;EE;13;C02;899.1
EE14_C02;EE;14;C02;936.4
EE15_C02;EE;15;C02;957.3
EE16_C02;EE;16;C02;948.8
EE17_C02;EE;17;C02;966.8
EE18_C02;EE;18;C02;1010.0
EE19_C02;EE;19;C02;995.4
EE20_C02;EE;20;C02;1059.1
EE21_C02;EE;21;C02;1140.6
EE22_C02;EE;22;C02;1222.7
EE23_C02;EE;23;C02;1273.2
IE10_C02;IE;10;C02;4718.9
IE11_C02;IE;11;C02;4777.1
IE12_C02;IE;12;C02;4671.8
IE13_C02;IE;13;C02;4342.0
IE14_C02;IE;14;C02;4459.1
IE15_C02;IE;15;C02;4499.2
IE16_C02;IE;16;C02;4740.6
IE17_C02;IE;17;C02;4812.5
IE18_C02;IE;18;C02;4695.6
IE19_C02;IE;19;C02;5191.4
IE20_C02;IE;20;C02;5809.9
IE21_C02;IE;21;C02;5939.0
IE22_C02;IE;22;C02;5592.0
IE23_C02;IE;23;C02;5420.9
ES10_C02;ES;10;C02;26589.0
ES11_C02;ES;11;C02;26754.0
ES12_C02;ES;12;C02;26605.0
ES13_C02;ES;13;C02;26222.0
ES14_C02;ES;14;C02;26590.0
ES15_C02;ES;15;C02;26568.0
ES16_C02;ES;16;C02;27915.0
ES17_C02;ES;17;C02;28025.0
ES18_C02;ES;18;C02;28179.0
ES19_C02;ES;19;C02;28445.0
ES20_C02;ES;20;C02;29392.0
ES21_C02;ES;21;C02;29635.0
ES22_C02;ES;22;C02;31304.0
ES23_C02;ES;23;C02;32473.0
FR10_C02;FR;10;C02;38229.7
FR11_C02;FR;11;C02;39641.0
FR12_C02;FR;12;C02;40917.1
FR13_C02;FR;13;C02;42139.6
FR14_C02;FR;14;C02;42842.5
FR15_C02;FR;15;C02;43562.1
FR16_C02;FR;16;C02;43694.2
FR17_C02;FR;17;C02;44372.5
FR18_C02;FR;18;C02;46252.5
FR19_C02;FR;19;C02;47012.0
FR20_C02;FR;20;C02;50922.2
FR21_C02;FR;21;C02;51578.6
FR22_C02;FR;22;C02;50235.2
FR23_C02;FR;23;C02;51295.0
IT10_C02;IT;10;C02;38995.6
IT11_C02;IT;11;C02;39713.8
IT12_C02;IT;12;C02;41654.0
IT13_C02;IT;13;C02;41002.1
IT14_C02;IT;14;C02;39398.8
IT15_C02;IT;15;C02;41118.7
IT16_C02;IT;16;C02;43033.1
IT17_C02;IT;17;C02;44223.7
IT18_C02;IT;18;C02;44946.5
IT19_C02;IT;19;C02;45898.5
IT20_C02;IT;20;C02;44866.6
IT21_C02;IT;21;C02;46252.7
IT22_C02;IT;22;C02;48533.3
IT23_C02;IT;23;C02;50046.4
CY10_C02;CY;10;C02;731.9
CY11_C02;CY;11;C02;716.9
CY12_C02;CY;12;C02;688.2
CY13_C02;CY;13;C02;672.4
CY14_C02;CY;14;C02;678.5
CY15_C02;CY;15;C02;701.8
CY16_C02;CY;16;C02;717.8
CY17_C02;CY;17;C02;754.2
CY18_C02;CY;18;C02;743.4
CY19_C02;CY;19;C02;753.4
CY20_C02;CY;20;C02;705.3
CY21_C02;CY;21;C02;737.9
CY22_C02;CY;22;C02;815.6
CY23_C02;CY;23;C02;850.2
LV10_C02;LV;10;C02;992.9
LV11_C02;LV;11;C02;949.5
LV12_C02;LV;12;C02;883.5
LV13_C02;LV;13;C02;996.5
LV14_C02;LV;14;C02;992.9
LV15_C02;LV;15;C02;1060.5
LV16_C02;LV;16;C02;1149.1
LV17_C02;LV;17;C02;1186.7
LV18_C02;LV;18;C02;1343.4
LV19_C02;LV;19;C02;1368.4
LV20_C02;LV;20;C02;1437.1
LV21_C02;LV;21;C02;1423.7
LV22_C02;LV;22;C02;1496.4
LV23_C02;LV;23;C02;1610.9
HU10_C02;HU;10;C02;3844.4
HU11_C02;HU;11;C02;3960.7
HU12_C02;HU;12;C02;4179.3
HU13_C02;HU;13;C02;4240.9
HU14_C02;HU;14;C02;4124.6
HU15_C02;HU;15;C02;4170.3
HU16_C02;HU;16;C02;4255.6
HU17_C02;HU;17;C02;4708.1
HU18_C02;HU;18;C02;4960.6
HU19_C02;HU;19;C02;5412.4
HU20_C02;HU;20;C02;5095.8
HU21_C02;HU;21;C02;5560.9
HU22_C02;HU;22;C02;5768.2
HU23_C02;HU;23;C02;6378.7
MT10_C02;MT;10;C02;170.5
MT11_C02;MT;11;C02;178.7
MT12_C02;MT;12;C02;188.7
MT13_C02;MT;13;C02;187.7
MT14_C02;MT;14;C02;210.2
MT15_C02;MT;15;C02;219.0
MT16_C02;MT;16;C02;231.8
MT17_C02;MT;17;C02;247.8
MT18_C02;MT;18;C02;273.2
MT19_C02;MT;19;C02;273.7
MT20_C02;MT;20;C02;252.1
MT21_C02;MT;21;C02;270.1
MT22_C02;MT;22;C02;316.4
MT23_C02;MT;23;C02;349.2
NL10_C02;NL;10;C02;8586.0
NL11_C02;NL;11;C02;9000.0
NL12_C02;NL;12;C02;9505.0
NL13_C02;NL;13;C02;9860.0
NL14_C02;NL;14;C02;10046.0
NL15_C02;NL;15;C02;10412.0
NL16_C02;NL;16;C02;10662.0
NL17_C02;NL;17;C02;10854.0
NL18_C02;NL;18;C02;11224.0
NL19_C02;NL;19;C02;11259.0
NL20_C02;NL;20;C02;12226.0
NL21_C02;NL;21;C02;13067.0
NL22_C02;NL;22;C02;13262.0
NL23_C02;NL;23;C02;13731.0
AT10_C02;AT;10;C02;5313.8
AT11_C02;AT;11;C02;5444.0
AT12_C02;AT;12;C02;5610.6
AT13_C02;AT;13;C02;5699.9
AT14_C02;AT;14;C02;5694.8
AT15_C02;AT;15;C02;5835.5
AT16_C02;AT;16;C02;5910.2
AT17_C02;AT;17;C02;6116.5
AT18_C02;AT;18;C02;6293.5
AT19_C02;AT;19;C02;6438.6
AT20_C02;AT;20;C02;6877.2
AT21_C02;AT;21;C02;7313.9
AT22_C02;AT;22;C02;7348.8
AT23_C02;AT;23;C02;7631.8
PT10_C02;PT;10;C02;3860.8
PT11_C02;PT;11;C02;3915.0
PT12_C02;PT;12;C02;3742.4
PT13_C02;PT;13;C02;3673.1
PT14_C02;PT;14;C02;3759.3
PT15_C02;PT;15;C02;3765.2
PT16_C02;PT;16;C02;4048.6
PT17_C02;PT;17;C02;4227.4
PT18_C02;PT;18;C02;4490.2
PT19_C02;PT;19;C02;4479.9
PT20_C02;PT;20;C02;4563.3
PT21_C02;PT;21;C02;4686.4
PT22_C02;PT;22;C02;5031.7
PT23_C02;PT;23;C02;5377.483139155821
SI10_C02;SI;10;C02;1112.4
SI11_C02;SI;11;C02;1194.1
SI12_C02;SI;12;C02;1184.5
SI13_C02;SI;13;C02;1147.0
SI14_C02;SI;14;C02;1171.5
SI15_C02;SI;15;C02;1194.1
SI16_C02;SI;16;C02;1186.0
SI17_C02;SI;17;C02;1210.5
SI18_C02;SI;18;C02;1218.4
SI19_C02;SI;19;C02;1235.7
SI20_C02;SI;20;C02;1176.0
SI21_C02;SI;21;C02;1244.3
SI22_C02;SI;22;C02;1427.1
SI23_C02;SI;23;C02;1473.2
SE10_C02;SE;10;C02;6173.9
SE11_C02;SE;11;C02;6604.7
SE12_C02;SE;12;C02;7179.0
SE13_C02;SE;13;C02;7401.5
SE14_C02;SE;14;C02;7222.0
SE15_C02;SE;15;C02;7300.3
SE16_C02;SE;16;C02;7315.4
SE17_C02;SE;17;C02;7326.9
SE18_C02;SE;18;C02;7272.8
SE19_C02;SE;19;C02;7166.8
SE20_C02;SE;20;C02;7678.9
SE21_C02;SE;21;C02;8160.0
SE22_C02;SE;22;C02;8172.4
SE23_C02;SE;23;C02;7252.8
EU10_C03;EU;10;C03;303390.4
EU11_C03;EU;11;C03;308614.6
EU12_C03;EU;12;C03;305203.1
EU13_C03;EU;13;C03;306650.4
EU14_C03;EU;14;C03;314956.3
EU15_C03;EU;15;C03;320459.2
EU16_C03;EU;16;C03;325542.7
EU17_C03;EU;17;C03;335787.8
EU18_C03;EU;18;C03;337950.2
EU19_C03;EU;19;C03;338645.6
EU20_C03;EU;20;C03;286504.7
EU21_C03;EU;21;C03;311493.9
EU22_C03;EU;22;C03;349882.9
EU23_C03;EU;23;C03;357288.1
BE10_C03;BE;10;C03;8185.4
BE11_C03;BE;11;C03;9040.5
BE12_C03;BE;12;C03;9732.2
BE13_C03;BE;13;C03;10212.1
BE14_C03;BE;14;C03;10578.7
BE15_C03;BE;15;C03;10891.2
BE16_C03;BE;16;C03;11124.2
BE17_C03;BE;17;C03;11945.2
BE18_C03;BE;18;C03;12113.0
BE19_C03;BE;19;C03;12189.7
BE20_C03;BE;20;C03;10284.2
BE21_C03;BE;21;C03;11928.4
BE22_C03;BE;22;C03;13022.6
BE23_C03;BE;23;C03;13526.5
BG10_C03;BG;10;C03;760.3
BG11_C03;BG;11;C03;764.0
BG12_C03;BG;12;C03;817.9
BG13_C03;BG;13;C03;861.8
BG14_C03;BG;14;C03;910.7
BG15_C03;BG;15;C03;927.1
BG16_C03;BG;16;C03;1006.6
BG17_C03;BG;17;C03;1080.3
BG18_C03;BG;18;C03;1122.5
BG19_C03;BG;19;C03;1307.2
BG20_C03;BG;20;C03;1164.5
BG21_C03;BG;21;C03;1495.5
BG22_C03;BG;22;C03;1793.7
BG23_C03;BG;23;C03;2026.5
CZ10_C03;CZ;10;C03;2566.5
CZ11_C03;CZ;11;C03;2611.6
CZ12_C03;CZ;12;C03;2514.5
CZ13_C03;CZ;13;C03;2547.2
CZ14_C03;CZ;14;C03;2607.5
CZ15_C03;CZ;15;C03;2754.8
CZ16_C03;CZ;16;C03;3103.0
CZ17_C03;CZ;17;C03;3571.4
CZ18_C03;CZ;18;C03;3752.0
CZ19_C03;CZ;19;C03;3998.6
CZ20_C03;CZ;20;C03;3469.6
CZ21_C03;CZ;21;C03;3841.5
CZ22_C03;CZ;22;C03;5031.5
CZ23_C03;CZ;23;C03;5286.1
DK10_C03;DK;10;C03;5137.7
DK11_C03;DK;11;C03;5031.7
DK12_C03;DK;12;C03;5324.8
DK13_C03;DK;13;C03;5300.3
DK14_C03;DK;14;C03;5406.6
DK15_C03;DK;15;C03;5487.1
DK16_C03;DK;16;C03;5637.1
DK17_C03;DK;17;C03;5749.9
DK18_C03;DK;18;C03;5935.0
DK19_C03;DK;19;C03;5972.9
DK20_C03;DK;20;C03;5907.9
DK21_C03;DK;21;C03;6084.5
DK22_C03;DK;22;C03;6780.8
DK23_C03;DK;23;C03;6418.7
DE10_C03;DE;10;C03;66939.0
DE11_C03;DE;11;C03;69992.0
DE12_C03;DE;12;C03;71977.0
DE13_C03;DE;13;C03;73875.0
DE14_C03;DE;14;C03;75098.0
DE15_C03;DE;15;C03;75354.0
DE16_C03;DE;16;C03;77710.0
DE17_C03;DE;17;C03;80573.0
DE18_C03;DE;18;C03;79972.0
DE19_C03;DE;19;C03;77934.0
DE20_C03;DE;20;C03;73654.0
DE21_C03;DE;21;C03;73043.0
DE22_C03;DE;22;C03;75080.0
DE23_C03;DE;23;C03;77490.0
EE10_C03;EE;10;C03;482.5
EE11_C03;EE;11;C03;522.7
EE12_C03;EE;12;C03;599.0
EE13_C03;EE;13;C03;653.6
EE14_C03;EE;14;C03;690.5
EE15_C03;EE;15;C03;722.7
EE16_C03;EE;16;C03;780.9
EE17_C03;EE;17;C03;787.4
EE18_C03;EE;18;C03;828.9
EE19_C03;EE;19;C03;855.1
EE20_C03;EE;20;C03;799.2
EE21_C03;EE;21;C03;915.6
EE22_C03;EE;22;C03;1068.0
EE23_C03;EE;23;C03;1120.8
IE10_C03;IE;10;C03;3137.0
IE11_C03;IE;11;C03;2983.6
IE12_C03;IE;12;C03;3030.9
IE13_C03;IE;13;C03;3023.0
IE14_C03;IE;14;C03;3141.9
IE15_C03;IE;15;C03;3388.5
IE16_C03;IE;16;C03;3450.1
IE17_C03;IE;17;C03;3588.0
IE18_C03;IE;18;C03;3870.6
IE19_C03;IE;19;C03;4082.1
IE20_C03;IE;20;C03;3641.8
IE21_C03;IE;21;C03;4904.1
IE22_C03;IE;22;C03;5467.8
IE23_C03;IE;23;C03;5354.6
ES10_C03;ES;10;C03;31646.0
ES11_C03;ES;11;C03;30247.0
ES12_C03;ES;12;C03;27938.0
ES13_C03;ES;13;C03;27142.0
ES14_C03;ES;14;C03;28198.0
ES15_C03;ES;15;C03;28964.0
ES16_C03;ES;16;C03;29912.0
ES17_C03;ES;17;C03;30319.0
ES18_C03;ES;18;C03;29439.0
ES19_C03;ES;19;C03;29459.0
ES20_C03;ES;20;C03;19964.0
ES21_C03;ES;21;C03;23649.0
ES22_C03;ES;22;C03;27101.0
ES23_C03;ES;23;C03;29430.0
FR10_C03;FR;10;C03;46394.2
FR11_C03;FR;11;C03;46064.0
FR12_C03;FR;12;C03;45979.2
FR13_C03;FR;13;C03;45898.6
FR14_C03;FR;14;C03;46179.3
FR15_C03;FR;15;C03;46376.8
FR16_C03;FR;16;C03;46183.9
FR17_C03;FR;17;C03;46684.8
FR18_C03;FR;18;C03;45623.6
FR19_C03;FR;19;C03;45633.6
FR20_C03;FR;20;C03;38119.6
FR21_C03;FR;21;C03;42512.4
FR22_C03;FR;22;C03;44388.6
FR23_C03;FR;23;C03;44222.4
IT10_C03;IT;10;C03;63228.9
IT11_C03;IT;11;C03;64873.4
IT12_C03;IT;12;C03;60990.3
IT13_C03;IT;13;C03;59664.0
IT14_C03;IT;14;C03;60735.6
IT15_C03;IT;15;C03;61855.9
IT16_C03;IT;16;C03;62162.6
IT17_C03;IT;17;C03;63404.4
IT18_C03;IT;18;C03;65613.4
IT19_C03;IT;19;C03;64309.9
IT20_C03;IT;20;C03;50987.9
IT21_C03;IT;21;C03;54502.2
IT22_C03;IT;22;C03;66434.1
IT23_C03;IT;23;C03;64893.9
CY10_C03;CY;10;C03;760.7
CY11_C03;CY;11;C03;733.1
CY12_C03;CY;12;C03;691.7
CY13_C03;CY;13;C03;617.6
CY14_C03;CY;14;C03;644.8
CY15_C03;CY;15;C03;643.3
CY16_C03;CY;16;C03;666.1
CY17_C03;CY;17;C03;699.8
CY18_C03;CY;18;C03;724.3
CY19_C03;CY;19;C03;762.8
CY20_C03;CY;20;C03;687.7
CY21_C03;CY;21;C03;860.2
CY22_C03;CY;22;C03;973.3
CY23_C03;CY;23;C03;1050.6
LV10_C03;LV;10;C03;592.6
LV11_C03;LV;11;C03;588.8
LV12_C03;LV;12;C03;685.0
LV13_C03;LV;13;C03;776.1
LV14_C03;LV;14;C03;771.3
LV15_C03;LV;15;C03;835.7
LV16_C03;LV;16;C03;813.2
LV17_C03;LV;17;C03;849.6
LV18_C03;LV;18;C03;880.3
LV19_C03;LV;19;C03;916.2
LV20_C03;LV;20;C03;911.0
LV21_C03;LV;21;C03;988.8
LV22_C03;LV;22;C03;1186.1
LV23_C03;LV;23;C03;1286.5
HU10_C03;HU;10;C03;1449.1
HU11_C03;HU;11;C03;1534.7
HU12_C03;HU;12;C03;1435.8
HU13_C03;HU;13;C03;1524.1
HU14_C03;HU;14;C03;1773.6
HU15_C03;HU;15;C03;2044.4
HU16_C03;HU;16;C03;2155.3
HU17_C03;HU;17;C03;2409.3
HU18_C03;HU;18;C03;2547.5
HU19_C03;HU;19;C03;2620.8
HU20_C03;HU;20;C03;2146.1
HU21_C03;HU;21;C03;2425.6
HU22_C03;HU;22;C03;2606.5
HU23_C03;HU;23;C03;3243.7
MT10_C03;MT;10;C03;247.6
MT11_C03;MT;11;C03;266.0
MT12_C03;MT;12;C03;284.4
MT13_C03;MT;13;C03;308.1
MT14_C03;MT;14;C03;328.2
MT15_C03;MT;15;C03;339.3
MT16_C03;MT;16;C03;322.5
MT17_C03;MT;17;C03;362.5
MT18_C03;MT;18;C03;399.9
MT19_C03;MT;19;C03;434.0
MT20_C03;MT;20;C03;335.3
MT21_C03;MT;21;C03;358.9
MT22_C03;MT;22;C03;454.2
MT23_C03;MT;23;C03;468.3
NL10_C03;NL;10;C03;15121.0
NL11_C03;NL;11;C03;15532.0
NL12_C03;NL;12;C03;15429.0
NL13_C03;NL;13;C03;15307.0
NL14_C03;NL;14;C03;15859.0
NL15_C03;NL;15;C03;16530.0
NL16_C03;NL;16;C03;16595.0
NL17_C03;NL;17;C03;17285.0
NL18_C03;NL;18;C03;17323.0
NL19_C03;NL;19;C03;17944.0
NL20_C03;NL;20;C03;15453.0
NL21_C03;NL;21;C03;17955.0
NL22_C03;NL;22;C03;21497.0
NL23_C03;NL;23;C03;23164.0
AT10_C03;AT;10;C03;9163.4
AT11_C03;AT;11;C03;9451.8
AT12_C03;AT;12;C03;9527.6
AT13_C03;AT;13;C03;9766.1
AT14_C03;AT;14;C03;10121.6
AT15_C03;AT;15;C03;10188.7
AT16_C03;AT;16;C03;10435.5
AT17_C03;AT;17;C03;10588.9
AT18_C03;AT;18;C03;10602.8
AT19_C03;AT;19;C03;10657.8
AT20_C03;AT;20;C03;8642.5
AT21_C03;AT;21;C03;9174.1
AT22_C03;AT;22;C03;10870.8
AT23_C03;AT;23;C03;11286.0
PT10_C03;PT;10;C03;7309.9
PT11_C03;PT;11;C03;6972.8
PT12_C03;PT;12;C03;6437.0
PT13_C03;PT;13;C03;6686.8
PT14_C03;PT;14;C03;7384.0
PT15_C03;PT;15;C03;7921.0
PT16_C03;PT;16;C03;8095.7
PT17_C03;PT;17;C03;8319.3
PT18_C03;PT;18;C03;8474.5
PT19_C03;PT;19;C03;8615.6
PT20_C03;PT;20;C03;7418.3
PT21_C03;PT;21;C03;7705.7
PT22_C03;PT;22;C03;8991.0
PT23_C03;PT;23;C03;9608.869945376311
SI10_C03;SI;10;C03;1157.7
SI11_C03;SI;11;C03;1163.6
SI12_C03;SI;12;C03;1158.8
SI13_C03;SI;13;C03;1030.2
SI14_C03;SI;14;C03;1074.5
SI15_C03;SI;15;C03;1067.2
SI16_C03;SI;16;C03;1231.2
SI17_C03;SI;17;C03;1276.0
SI18_C03;SI;18;C03;1302.0
SI19_C03;SI;19;C03;1469.5
SI20_C03;SI;20;C03;1147.1
SI21_C03;SI;21;C03;1520.2
SI22_C03;SI;22;C03;1750.2
SI23_C03;SI;23;C03;1645.3
SE10_C03;SE;10;C03;9259.3
SE11_C03;SE;11;C03;9889.6
SE12_C03;SE;12;C03;10299.4
SE13_C03;SE;13;C03;10580.2
SE14_C03;SE;14;C03;10452.6
SE15_C03;SE;15;C03;10908.5
SE16_C03;SE;16;C03;10405.3
SE17_C03;SE;17;C03;10233.4
SE18_C03;SE;18;C03;9626.1
SE19_C03;SE;19;C03;9222.8
SE20_C03;SE;20;C03;8315.5
SE21_C03;SE;21;C03;9693.4
SE22_C03;SE;22;C03;10347.7
SE23_C03;SE;23;C03;9820.7
EU10_C04;EU;10;C04;1464212.5
EU11_C04;EU;11;C04;1507205.5
EU12_C04;EU;12;C04;1555576.5
EU13_C04;EU;13;C04;1588532.3
EU14_C04;EU;14;C04;1590381.1
EU15_C04;EU;15;C04;1620749.0
EU16_C04;EU;16;C04;1643134.1
EU17_C04;EU;17;C04;1685478.8
EU18_C04;EU;18;C04;1733947.8
EU19_C04;EU;19;C04;1782981.3
EU20_C04;EU;20;C04;1809247.6
EU21_C04;EU;21;C04;1899830.5
EU22_C04;EU;22;C04;2038279.4
EU23_C04;EU;23;C04;2119399.5
BE10_C04;BE;10;C04;43150.4
BE11_C04;BE;11;C04;46017.0
BE12_C04;BE;12;C04;48867.1
BE13_C04;BE;13;C04;49747.6
BE14_C04;BE;14;C04;48886.4
BE15_C04;BE;15;C04;49590.8
BE16_C04;BE;16;C04;50926.2
BE17_C04;BE;17;C04;52807.3
BE18_C04;BE;18;C04;54430.1
BE19_C04;BE;19;C04;55874.8
BE20_C04;BE;20;C04;56224.0
BE21_C04;BE;21;C04;60429.4
BE22_C04;BE;22;C04;70312.7
BE23_C04;BE;23;C04;70812.7
BG10_C04;BG;10;C04;5001.7
BG11_C04;BG;11;C04;5449.6
BG12_C04;BG;12;C04;5668.0
BG13_C04;BG;13;C04;5583.4
BG14_C04;BG;14;C04;5702.1
BG15_C04;BG;15;C04;5954.1
BG16_C04;BG;16;C04;5987.9
BG17_C04;BG;17;C04;6512.4
BG18_C04;BG;18;C04;7063.0
BG19_C04;BG;19;C04;7576.5
BG20_C04;BG;20;C04;7252.3
BG21_C04;BG;21;C04;8047.0
BG22_C04;BG;22;C04;9449.1
BG23_C04;BG;23;C04;10035.4
CZ10_C04;CZ;10;C04;24581.2
CZ11_C04;CZ;11;C04;25280.2
CZ12_C04;CZ;12;C04;24943.4
CZ13_C04;CZ;13;C04;24404.9
CZ14_C04;CZ;14;C04;22780.1
CZ15_C04;CZ;15;C04;24040.3
CZ16_C04;CZ;16;C04;25320.1
CZ17_C04;CZ;17;C04;27960.0
CZ18_C04;CZ;18;C04;31196.6
CZ19_C04;CZ;19;C04;33289.0
CZ20_C04;CZ;20;C04;34442.1
CZ21_C04;CZ;21;C04;38888.2
CZ22_C04;CZ;22;C04;45461.0
CZ23_C04;CZ;23;C04;48131.1
DK10_C04;DK;10;C04;33483.5
DK11_C04;DK;11;C04;34424.9
DK12_C04;DK;12;C04;35623.0
DK13_C04;DK;13;C04;36888.9
DK14_C04;DK;14;C04;37075.4
DK15_C04;DK;15;C04;37602.9
DK16_C04;DK;16;C04;38469.4
DK17_C04;DK;17;C04;39257.2
DK18_C04;DK;18;C04;40598.6
DK19_C04;DK;19;C04;41485.5
DK20_C04;DK;20;C04;42780.9
DK21_C04;DK;21;C04;44669.4
DK22_C04;DK;22;C04;48124.2
DK23_C04;DK;23;C04;46815.8
DE10_C04;DE;10;C04;345019.0
DE11_C04;DE;11;C04;350263.0
DE12_C04;DE;12;C04;361646.0
DE13_C04;DE;13;C04;373770.0
DE14_C04;DE;14;C04;374023.0
DE15_C04;DE;15;C04;379958.0
DE16_C04;DE;16;C04;385846.0
DE17_C04;DE;17;C04;394605.0
DE18_C04;DE;18;C04;404425.0
DE19_C04;DE;19;C04;416157.0
DE20_C04;DE;20;C04;424666.0
DE21_C04;DE;21;C04;440560.0
DE22_C04;DE;22;C04;467998.0
DE23_C04;DE;23;C04;488553.0
EE10_C04;EE;10;C04;1662.6
EE11_C04;EE;11;C04;1770.9
EE12_C04;EE;12;C04;2003.1
EE13_C04;EE;13;C04;2161.2
EE14_C04;EE;14;C04;2251.6
EE15_C04;EE;15;C04;2331.5
EE16_C04;EE;16;C04;2461.9
EE17_C04;EE;17;C04;2631.8
EE18_C04;EE;18;C04;2832.8
EE19_C04;EE;19;C04;3060.0
EE20_C04;EE;20;C04;2999.0
EE21_C04;EE;21;C04;3385.9
EE22_C04;EE;22;C04;4572.7
EE23_C04;EE;23;C04;5146.6
IE10_C04;IE;10;C04;16613.6
IE11_C04;IE;11;C04;17067.7
IE12_C04;IE;12;C04;17424.7
IE13_C04;IE;13;C04;17979.2
IE14_C04;IE;14;C04;18765.4
IE15_C04;IE;15;C04;20316.0
IE16_C04;IE;16;C04;21166.6
IE17_C04;IE;17;C04;22625.6
IE18_C04;IE;18;C04;24686.9
IE19_C04;IE;19;C04;25832.9
IE20_C04;IE;20;C04;26156.9
IE21_C04;IE;21;C04;27745.1
IE22_C04;IE;22;C04;32398.5
IE23_C04;IE;23;C04;35793.8
ES10_C04;ES;10;C04;145427.0
ES11_C04;ES;11;C04;150984.0
ES12_C04;ES;12;C04;153665.0
ES13_C04;ES;13;C04;154960.0
ES14_C04;ES;14;C04;154794.0
ES15_C04;ES;15;C04;154156.0
ES16_C04;ES;16;C04;155185.0
ES17_C04;ES;17;C04;159305.0
ES18_C04;ES;18;C04;163540.0
ES19_C04;ES;19;C04;167101.0
ES20_C04;ES;20;C04;164523.0
ES21_C04;ES;21;C04;173024.0
ES22_C04;ES;22;C04;182175.0
ES23_C04;ES;23;C04;183830.0
FR10_C04;FR;10;C04;291863.4
FR11_C04;FR;11;C04;298368.1
FR12_C04;FR;12;C04;310002.4
FR13_C04;FR;13;C04;319186.8
FR14_C04;FR;14;C04;321791.1
FR15_C04;FR;15;C04;328105.0
FR16_C04;FR;16;C04;333417.9
FR17_C04;FR;17;C04;338541.0
FR18_C04;FR;18;C04;347180.0
FR19_C04;FR;19;C04;355652.1
FR20_C04;FR;20;C04;359251.5
FR21_C04;FR;21;C04;375626.1
FR22_C04;FR;22;C04;386811.3
FR23_C04;FR;23;C04;404739.0
IT10_C04;IT;10;C04;221655.1
IT11_C04;IT;11;C04;228989.8
IT12_C04;IT;12;C04;237871.1
IT13_C04;IT;13;C04;242129.2
IT14_C04;IT;14;C04;239907.1
IT15_C04;IT;15;C04;244710.7
IT16_C04;IT;16;C04;244858.8
IT17_C04;IT;17;C04;248271.9
IT18_C04;IT;18;C04;252037.4
IT19_C04;IT;19;C04;254570.4
IT20_C04;IT;20;C04;252584.3
IT21_C04;IT;21;C04;260714.5
IT22_C04;IT;22;C04;284919.0
IT23_C04;IT;23;C04;286663.9
CY10_C04;CY;10;C04;2508.6
CY11_C04;CY;11;C04;2613.0
CY12_C04;CY;12;C04;2826.4
CY13_C04;CY;13;C04;2517.4
CY14_C04;CY;14;C04;2137.0
CY15_C04;CY;15;C04;2078.5
CY16_C04;CY;16;C04;2087.2
CY17_C04;CY;17;C04;2138.9
CY18_C04;CY;18;C04;2411.4
CY19_C04;CY;19;C04;2627.8
CY20_C04;CY;20;C04;2734.9
CY21_C04;CY;21;C04;3004.3
CY22_C04;CY;22;C04;3473.9
CY23_C04;CY;23;C04;3802.6
LV10_C04;LV;10;C04;1991.6
LV11_C04;LV;11;C04;2083.6
LV12_C04;LV;12;C04;2293.6
LV13_C04;LV;13;C04;2288.4
LV14_C04;LV;14;C04;2374.0
LV15_C04;LV;15;C04;2362.1
LV16_C04;LV;16;C04;2442.4
LV17_C04;LV;17;C04;2458.0
LV18_C04;LV;18;C04;2618.4
LV19_C04;LV;19;C04;2700.2
LV20_C04;LV;20;C04;2769.9
LV21_C04;LV;21;C04;3045.9
LV22_C04;LV;22;C04;3616.1
LV23_C04;LV;23;C04;3476.2
HU10_C04;HU;10;C04;12762.3
HU11_C04;HU;11;C04;12775.5
HU12_C04;HU;12;C04;12445.4
HU13_C04;HU;13;C04;11705.3
HU14_C04;HU;14;C04;10926.9
HU15_C04;HU;15;C04;11463.7
HU16_C04;HU;16;C04;12077.7
HU17_C04;HU;17;C04;13132.6
HU18_C04;HU;18;C04;13987.2
HU19_C04;HU;19;C04;15460.6
HU20_C04;HU;20;C04;15289.7
HU21_C04;HU;21;C04;16727.6
HU22_C04;HU;22;C04;18957.4
HU23_C04;HU;23;C04;20929.0
MT10_C04;MT;10;C04;611.8
MT11_C04;MT;11;C04;632.1
MT12_C04;MT;12;C04;668.2
MT13_C04;MT;13;C04;682.3
MT14_C04;MT;14;C04;699.8
MT15_C04;MT;15;C04;760.7
MT16_C04;MT;16;C04;839.8
MT17_C04;MT;17;C04;968.0
MT18_C04;MT;18;C04;1006.6
MT19_C04;MT;19;C04;1134.4
MT20_C04;MT;20;C04;1112.9
MT21_C04;MT;21;C04;1274.3
MT22_C04;MT;22;C04;1376.3
MT23_C04;MT;23;C04;1604.2
NL10_C04;NL;10;C04;66207.0
NL11_C04;NL;11;C04;66824.0
NL12_C04;NL;12;C04;69494.0
NL13_C04;NL;13;C04;72197.0
NL14_C04;NL;14;C04;73192.0
NL15_C04;NL;15;C04;75333.0
NL16_C04;NL;16;C04;76328.0
NL17_C04;NL;17;C04;77547.0
NL18_C04;NL;18;C04;81061.0
NL19_C04;NL;19;C04;84230.0
NL20_C04;NL;20;C04;88009.0
NL21_C04;NL;21;C04;91764.0
NL22_C04;NL;22;C04;97979.0
NL23_C04;NL;23;C04;101683.0
AT10_C04;AT;10;C04;32273.2
AT11_C04;AT;11;C04;33676.4
AT12_C04;AT;12;C04;35079.3
AT13_C04;AT;13;C04;36509.3
AT14_C04;AT;14;C04;37289.3
AT15_C04;AT;15;C04;38419.7
AT16_C04;AT;16;C04;39878.2
AT17_C04;AT;17;C04;41383.0
AT18_C04;AT;18;C04;42640.4
AT19_C04;AT;19;C04;44242.6
AT20_C04;AT;20;C04;46077.9
AT21_C04;AT;21;C04;48044.1
AT22_C04;AT;22;C04;51901.6
AT23_C04;AT;23;C04;56879.0
PT10_C04;PT;10;C04;19890.6
PT11_C04;PT;11;C04;20307.6
PT12_C04;PT;12;C04;21211.7
PT13_C04;PT;13;C04;21766.7
PT14_C04;PT;14;C04;22710.1
PT15_C04;PT;15;C04;23148.5
PT16_C04;PT;16;C04;23685.8
PT17_C04;PT;17;C04;23957.4
PT18_C04;PT;18;C04;24664.1
PT19_C04;PT;19;C04;25498.5
PT20_C04;PT;20;C04;26270.8
PT21_C04;PT;21;C04;26579.0
PT22_C04;PT;22;C04;28072.0
PT23_C04;PT;23;C04;30001.134145990858
SI10_C04;SI;10;C04;4108.4
SI11_C04;SI;11;C04;4228.5
SI12_C04;SI;12;C04;4292.2
SI13_C04;SI;13;C04;4240.7
SI14_C04;SI;14;C04;4207.5
SI15_C04;SI;15;C04;4264.7
SI16_C04;SI;16;C04;4386.9
SI17_C04;SI;17;C04;4470.0
SI18_C04;SI;18;C04;4624.1
SI19_C04;SI;19;C04;4827.0
SI20_C04;SI;20;C04;4914.7
SI21_C04;SI;21;C04;5206.5
SI22_C04;SI;22;C04;5934.9
SI23_C04;SI;23;C04;6222.2
SE10_C04;SE;10;C04;45800.1
SE11_C04;SE;11;C04;49562.9
SE12_C04;SE;12;C04;51697.4
SE13_C04;SE;13;C04;53044.7
SE14_C04;SE;14;C04;51731.4
SE15_C04;SE;15;C04;51925.1
SE16_C04;SE;16;C04;53199.5
SE17_C04;SE;17;C04;54455.5
SE18_C04;SE;18;C04;53849.3
SE19_C04;SE;19;C04;54116.9
SE20_C04;SE;20;C04;56295.8
SE21_C04;SE;21;C04;61478.9
SE22_C04;SE;22;C04;60991.8
SE23_C04;SE;23;C04;57476.3
EU10_C05;EU;10;C05;326748.4
EU11_C05;EU;11;C05;332336.0
EU12_C05;EU;12;C05;329568.3
EU13_C05;EU;13;C05;325053.8
EU14_C05;EU;14;C05;330708.7
EU15_C05;EU;15;C05;339256.8
EU16_C05;EU;16;C05;351707.7
EU17_C05;EU;17;C05;362452.3
EU18_C05;EU;18;C05;369968.9
EU19_C05;EU;19;C05;380060.5
EU20_C05;EU;20;C05;381308.8
EU21_C05;EU;21;C05;410307.6
EU22_C05;EU;22;C05;436637.4
EU23_C05;EU;23;C05;441202.3
BE10_C05;BE;10;C05;11395.7
BE11_C05;BE;11;C05;11691.0
BE12_C05;BE;12;C05;11671.9
BE13_C05;BE;13;C05;11654.1
BE14_C05;BE;14;C05;11798.0
BE15_C05;BE;15;C05;11998.8
BE16_C05;BE;16;C05;12205.5
BE17_C05;BE;17;C05;12550.5
BE18_C05;BE;18;C05;12739.1
BE19_C05;BE;19;C05;12931.4
BE20_C05;BE;20;C05;12849.6
BE21_C05;BE;21;C05;13973.6
BE22_C05;BE;22;C05;13817.8
BE23_C05;BE;23;C05;14425.7
BG10_C05;BG;10;C05;1684.4
BG11_C05;BG;11;C05;1647.9
BG12_C05;BG;12;C05;1960.5
BG13_C05;BG;13;C05;1783.1
BG14_C05;BG;14;C05;1393.6
BG15_C05;BG;15;C05;1438.4
BG16_C05;BG;16;C05;1563.4
BG17_C05;BG;17;C05;1680.1
BG18_C05;BG;18;C05;1831.4
BG19_C05;BG;19;C05;1996.2
BG20_C05;BG;20;C05;1998.9
BG21_C05;BG;21;C05;2465.6
BG22_C05;BG;22;C05;3087.6
BG23_C05;BG;23;C05;3360.8
CZ10_C05;CZ;10;C05;3979.3
CZ11_C05;CZ;11;C05;4163.4
CZ12_C05;CZ;12;C05;4031.5
CZ13_C05;CZ;13;C05;3921.1
CZ14_C05;CZ;14;C05;3936.5
CZ15_C05;CZ;15;C05;4134.2
CZ16_C05;CZ;16;C05;4503.4
CZ17_C05;CZ;17;C05;4807.3
CZ18_C05;CZ;18;C05;5278.0
CZ19_C05;CZ;19;C05;5456.2
CZ20_C05;CZ;20;C05;5210.5
CZ21_C05;CZ;21;C05;5934.2
CZ22_C05;CZ;22;C05;6958.8
CZ23_C05;CZ;23;C05;7029.2
DK10_C05;DK;10;C05;5660.1
DK11_C05;DK;11;C05;5639.3
DK12_C05;DK;12;C05;5670.0
DK13_C05;DK;13;C05;5859.7
DK14_C05;DK;14;C05;6018.6
DK15_C05;DK;15;C05;6433.5
DK16_C05;DK;16;C05;6893.5
DK17_C05;DK;17;C05;7413.8
DK18_C05;DK;18;C05;7662.5
DK19_C05;DK;19;C05;7730.1
DK20_C05;DK;20;C05;8565.9
DK21_C05;DK;21;C05;9679.7
DK22_C05;DK;22;C05;8990.0
DK23_C05;DK;23;C05;7481.1
DE10_C05;DE;10;C05;74112.0
DE11_C05;DE;11;C05;78374.0
DE12_C05;DE;12;C05;81882.0
DE13_C05;DE;13;C05;81534.0
DE14_C05;DE;14;C05;83543.0
DE15_C05;DE;15;C05;84822.0
DE16_C05;DE;16;C05;89309.0
DE17_C05;DE;17;C05;90367.0
DE18_C05;DE;18;C05;90479.0
DE19_C05;DE;19;C05;94213.0
DE20_C05;DE;20;C05;100743.0
DE21_C05;DE;21;C05;101045.0
DE22_C05;DE;22;C05;104773.0
DE23_C05;DE;23;C05;104896.0
EE10_C05;EE;10;C05;296.7
EE11_C05;EE;11;C05;308.9
EE12_C05;EE;12;C05;356.3
EE13_C05;EE;13;C05;386.9
EE14_C05;EE;14;C05;412.0
EE15_C05;EE;15;C05;470.4
EE16_C05;EE;16;C05;493.7
EE17_C05;EE;17;C05;525.3
EE18_C05;EE;18;C05;568.5
EE19_C05;EE;19;C05;617.4
EE20_C05;EE;20;C05;663.9
EE21_C05;EE;21;C05;762.8
EE22_C05;EE;22;C05;878.5
EE23_C05;EE;23;C05;882.0
IE10_C05;IE;10;C05;3405.3
IE11_C05;IE;11;C05;3170.5
IE12_C05;IE;12;C05;3313.9
IE13_C05;IE;13;C05;3340.9
IE14_C05;IE;14;C05;3657.2
IE15_C05;IE;15;C05;3771.7
IE16_C05;IE;16;C05;3731.2
IE17_C05;IE;17;C05;3997.3
IE18_C05;IE;18;C05;4214.3
IE19_C05;IE;19;C05;4357.7
IE20_C05;IE;20;C05;3808.9
IE21_C05;IE;21;C05;4771.1
IE22_C05;IE;22;C05;6105.1
IE23_C05;IE;23;C05;5837.5
ES10_C05;ES;10;C05;32428.0
ES11_C05;ES;11;C05;31298.0
ES12_C05;ES;12;C05;29040.0
ES13_C05;ES;13;C05;27605.0
ES14_C05;ES;14;C05;27483.0
ES15_C05;ES;15;C05;29193.0
ES16_C05;ES;16;C05;30995.0
ES17_C05;ES;17;C05;32282.0
ES18_C05;ES;18;C05;32638.0
ES19_C05;ES;19;C05;32197.0
ES20_C05;ES;20;C05;27978.0
ES21_C05;ES;21;C05;32496.0
ES22_C05;ES;22;C05;34416.0
ES23_C05;ES;23;C05;36610.0
FR10_C05;FR;10;C05;48591.3
FR11_C05;FR;11;C05;49654.2
FR12_C05;FR;12;C05;49785.5
FR13_C05;FR;13;C05;49385.1
FR14_C05;FR;14;C05;49706.2
FR15_C05;FR;15;C05;50440.6
FR16_C05;FR;16;C05;51289.6
FR17_C05;FR;17;C05;51822.7
FR18_C05;FR;18;C05;52078.3
FR19_C05;FR;19;C05;53054.2
FR20_C05;FR;20;C05;53720.1
FR21_C05;FR;21;C05;57976.9
FR22_C05;FR;22;C05;58770.8
FR23_C05;FR;23;C05;59154.7
IT10_C05;IT;10;C05;66312.2
IT11_C05;IT;11;C05;66126.7
IT12_C05;IT;12;C05;61395.2
IT13_C05;IT;13;C05;60015.7
IT14_C05;IT;14;C05;60942.1
IT15_C05;IT;15;C05;61903.0
IT16_C05;IT;16;C05;63088.2
IT17_C05;IT;17;C05;63861.8
IT18_C05;IT;18;C05;65234.8
IT19_C05;IT;19;C05;65704.3
IT20_C05;IT;20;C05;60613.2
IT21_C05;IT;21;C05;67097.0
IT22_C05;IT;22;C05;76443.3
IT23_C05;IT;23;C05;75248.1
CY10_C05;CY;10;C05;668.0
CY11_C05;CY;11;C05;692.9
CY12_C05;CY;12;C05;631.4
CY13_C05;CY;13;C05;581.5
CY14_C05;CY;14;C05;590.0
CY15_C05;CY;15;C05;608.1
CY16_C05;CY;16;C05;652.7
CY17_C05;CY;17;C05;696.6
CY18_C05;CY;18;C05;721.4
CY19_C05;CY;19;C05;764.2
CY20_C05;CY;20;C05;804.8
CY21_C05;CY;21;C05;833.3
CY22_C05;CY;22;C05;873.0
CY23_C05;CY;23;C05;947.7
LV10_C05;LV;10;C05;413.6
LV11_C05;LV;11;C05;402.2
LV12_C05;LV;12;C05;459.2
LV13_C05;LV;13;C05;511.8
LV14_C05;LV;14;C05;548.5
LV15_C05;LV;15;C05;587.5
LV16_C05;LV;16;C05;582.9
LV17_C05;LV;17;C05;638.3
LV18_C05;LV;18;C05;656.3
LV19_C05;LV;19;C05;689.4
LV20_C05;LV;20;C05;721.5
LV21_C05;LV;21;C05;841.7
LV22_C05;LV;22;C05;937.1
LV23_C05;LV;23;C05;985.6
HU10_C05;HU;10;C05;2329.2
HU11_C05;HU;11;C05;2266.9
HU12_C05;HU;12;C05;2194.2
HU13_C05;HU;13;C05;2175.6
HU14_C05;HU;14;C05;2324.5
HU15_C05;HU;15;C05;2460.3
HU16_C05;HU;16;C05;2705.0
HU17_C05;HU;17;C05;2984.8
HU18_C05;HU;18;C05;3233.3
HU19_C05;HU;19;C05;3632.1
HU20_C05;HU;20;C05;3591.0
HU21_C05;HU;21;C05;3813.1
HU22_C05;HU;22;C05;4062.9
HU23_C05;HU;23;C05;4421.5
MT10_C05;MT;10;C05;304.0
MT11_C05;MT;11;C05;300.0
MT12_C05;MT;12;C05;296.6
MT13_C05;MT;13;C05;286.6
MT14_C05;MT;14;C05;284.2
MT15_C05;MT;15;C05;291.0
MT16_C05;MT;16;C05;288.1
MT17_C05;MT;17;C05;297.5
MT18_C05;MT;18;C05;318.7
MT19_C05;MT;19;C05;337.6
MT20_C05;MT;20;C05;336.2
MT21_C05;MT;21;C05;367.7
MT22_C05;MT;22;C05;407.4
MT23_C05;MT;23;C05;421.8
NL10_C05;NL;10;C05;15530.0
NL11_C05;NL;11;C05;16023.0
NL12_C05;NL;12;C05;16057.0
NL13_C05;NL;13;C05;15968.0
NL14_C05;NL;14;C05;16462.0
NL15_C05;NL;15;C05;17281.0
NL16_C05;NL;16;C05;18348.0
NL17_C05;NL;17;C05;19817.0
NL18_C05;NL;18;C05;21097.0
NL19_C05;NL;19;C05;22370.0
NL20_C05;NL;20;C05;24903.0
NL21_C05;NL;21;C05;27027.0
NL22_C05;NL;22;C05;28447.0
NL23_C05;NL;23;C05;29905.0
AT10_C05;AT;10;C05;11533.7
AT11_C05;AT;11;C05;11951.7
AT12_C05;AT;12;C05;12329.5
AT13_C05;AT;13;C05;12357.1
AT14_C05;AT;14;C05;12740.2
AT15_C05;AT;15;C05;12954.7
AT16_C05;AT;16;C05;13323.9
AT17_C05;AT;17;C05;13694.5
AT18_C05;AT;18;C05;13925.8
AT19_C05;AT;19;C05;14141.8
AT20_C05;AT;20;C05;14273.4
AT21_C05;AT;21;C05;15303.8
AT22_C05;AT;22;C05;15930.9
AT23_C05;AT;23;C05;15540.3
PT10_C05;PT;10;C05;6861.9
PT11_C05;PT;11;C05;6522.4
PT12_C05;PT;12;C05;5868.0
PT13_C05;PT;13;C05;5707.4
PT14_C05;PT;14;C05;5826.1
PT15_C05;PT;15;C05;5901.6
PT16_C05;PT;16;C05;5895.5
PT17_C05;PT;17;C05;6117.5
PT18_C05;PT;18;C05;6469.1
PT19_C05;PT;19;C05;6712.6
PT20_C05;PT;20;C05;6911.4
PT21_C05;PT;21;C05;7158.2
PT22_C05;PT;22;C05;8096.5
PT23_C05;PT;23;C05;8652.899067149294
SI10_C05;SI;10;C05;1362.6
SI11_C05;SI;11;C05;1316.9
SI12_C05;SI;12;C05;1184.0
SI13_C05;SI;13;C05;1085.8
SI14_C05;SI;14;C05;1090.7
SI15_C05;SI;15;C05;1023.4
SI16_C05;SI;16;C05;1107.3
SI17_C05;SI;17;C05;1145.7
SI18_C05;SI;18;C05;1208.5
SI19_C05;SI;19;C05;1352.7
SI20_C05;SI;20;C05;1321.0
SI21_C05;SI;21;C05;1459.0
SI22_C05;SI;22;C05;1593.3
SI23_C05;SI;23;C05;1559.3
SE10_C05;SE;10;C05;8592.8
SE11_C05;SE;11;C05;9020.7
SE12_C05;SE;12;C05;9444.6
SE13_C05;SE;13;C05;9757.0
SE14_C05;SE;14;C05;9906.7
SE15_C05;SE;15;C05;10447.1
SE16_C05;SE;16;C05;10827.3
SE17_C05;SE;17;C05;11043.1
SE18_C05;SE;18;C05;10870.4
SE19_C05;SE;19;C05;10949.1
SE20_C05;SE;20;C05;11882.5
SE21_C05;SE;21;C05;14063.0
SE22_C05;SE;22;C05;13911.2
SE23_C05;SE;23;C05;12850.1
EU10_C06;EU;10;C06;253445.9
EU11_C06;EU;11;C06;265897.9
EU12_C06;EU;12;C06;271382.3
EU13_C06;EU;13;C06;278183.4
EU14_C06;EU;14;C06;282833.0
EU15_C06;EU;15;C06;291000.7
EU16_C06;EU;16;C06;298228.6
EU17_C06;EU;17;C06;311639.9
EU18_C06;EU;18;C06;324539.6
EU19_C06;EU;19;C06;338520.9
EU20_C06;EU;20;C06;327419.3
EU21_C06;EU;21;C06;358238.4
EU22_C06;EU;22;C06;376671.5
EU23_C06;EU;23;C06;394445.9
BE10_C06;BE;10;C06;12036.2
BE11_C06;BE;11;C06;12189.0
BE12_C06;BE;12;C06;12816.1
BE13_C06;BE;13;C06;13149.0
BE14_C06;BE;14;C06;13274.6
BE15_C06;BE;15;C06;13953.0
BE16_C06;BE;16;C06;14376.8
BE17_C06;BE;17;C06;14884.0
BE18_C06;BE;18;C06;15613.9
BE19_C06;BE;19;C06;16808.6
BE20_C06;BE;20;C06;16725.2
BE21_C06;BE;21;C06;18375.2
BE22_C06;BE;22;C06;20011.0
BE23_C06;BE;23;C06;21352.4
BG10_C06;BG;10;C06;1074.6
BG11_C06;BG;11;C06;1538.0
BG12_C06;BG;12;C06;1573.4
BG13_C06;BG;13;C06;1389.2
BG14_C06;BG;14;C06;1855.2
BG15_C06;BG;15;C06;1827.7
BG16_C06;BG;16;C06;2000.6
BG17_C06;BG;17;C06;2121.4
BG18_C06;BG;18;C06;2256.8
BG19_C06;BG;19;C06;2449.3
BG20_C06;BG;20;C06;2615.6
BG21_C06;BG;21;C06;3015.9
BG22_C06;BG;22;C06;3306.3
BG23_C06;BG;23;C06;3634.1
CZ10_C06;CZ;10;C06;1975.0
CZ11_C06;CZ;11;C06;2081.3
CZ12_C06;CZ;12;C06;2129.2
CZ13_C06;CZ;13;C06;1980.7
CZ14_C06;CZ;14;C06;1961.4
CZ15_C06;CZ;15;C06;1987.9
CZ16_C06;CZ;16;C06;2076.4
CZ17_C06;CZ;17;C06;2199.9
CZ18_C06;CZ;18;C06;2427.5
CZ19_C06;CZ;19;C06;2639.2
CZ20_C06;CZ;20;C06;2253.4
CZ21_C06;CZ;21;C06;2866.5
CZ22_C06;CZ;22;C06;3561.3
CZ23_C06;CZ;23;C06;3960.8
DK10_C06;DK;10;C06;3324.5
DK11_C06;DK;11;C06;3395.1
DK12_C06;DK;12;C06;3418.6
DK13_C06;DK;13;C06;3461.1
DK14_C06;DK;14;C06;3504.4
DK15_C06;DK;15;C06;3655.5
DK16_C06;DK;16;C06;3801.4
DK17_C06;DK;17;C06;3930.3
DK18_C06;DK;18;C06;4103.1
DK19_C06;DK;19;C06;4194.4
DK20_C06;DK;20;C06;4316.6
DK21_C06;DK;21;C06;4532.9
DK22_C06;DK;22;C06;4886.5
DK23_C06;DK;23;C06;4766.1
DE10_C06;DE;10;C06;76180.0
DE11_C06;DE;11;C06;78977.0
DE12_C06;DE;12;C06;81184.0
DE13_C06;DE;13;C06;82280.0
DE14_C06;DE;14;C06;83318.0
DE15_C06;DE;15;C06;85507.0
DE16_C06;DE;16;C06;88134.0
DE17_C06;DE;17;C06;93062.0
DE18_C06;DE;18;C06;97202.0
DE19_C06;DE;19;C06;104276.0
DE20_C06;DE;20;C06;101932.0
DE21_C06;DE;21;C06;108086.0
DE22_C06;DE;22;C06;111624.0
DE23_C06;DE;23;C06;115522.0
EE10_C06;EE;10;C06;231.2
EE11_C06;EE;11;C06;240.3
EE12_C06;EE;12;C06;257.6
EE13_C06;EE;13;C06;284.8
EE14_C06;EE;14;C06;308.4
EE15_C06;EE;15;C06;328.7
EE16_C06;EE;16;C06;373.2
EE17_C06;EE;17;C06;398.4
EE18_C06;EE;18;C06;428.4
EE19_C06;EE;19;C06;479.3
EE20_C06;EE;20;C06;499.1
EE21_C06;EE;21;C06;565.8
EE22_C06;EE;22;C06;618.9
EE23_C06;EE;23;C06;662.8
IE10_C06;IE;10;C06;3447.0
IE11_C06;IE;11;C06;3585.7
IE12_C06;IE;12;C06;4259.2
IE13_C06;IE;13;C06;4052.0
IE14_C06;IE;14;C06;4023.5
IE15_C06;IE;15;C06;4332.0
IE16_C06;IE;16;C06;4513.5
IE17_C06;IE;17;C06;4646.1
IE18_C06;IE;18;C06;4817.8
IE19_C06;IE;19;C06;5088.0
IE20_C06;IE;20;C06;4693.3
IE21_C06;IE;21;C06;5424.0
IE22_C06;IE;22;C06;5810.8
IE23_C06;IE;23;C06;6225.7
ES10_C06;ES;10;C06;24065.0
ES11_C06;ES;11;C06;24749.0
ES12_C06;ES;12;C06;25493.0
ES13_C06;ES;13;C06;26043.0
ES14_C06;ES;14;C06;27037.0
ES15_C06;ES;15;C06;27713.0
ES16_C06;ES;16;C06;27822.0
ES17_C06;ES;17;C06;30012.0
ES18_C06;ES;18;C06;31679.0
ES19_C06;ES;19;C06;33024.0
ES20_C06;ES;20;C06;31561.0
ES21_C06;ES;21;C06;32389.0
ES22_C06;ES;22;C06;33513.0
ES23_C06;ES;23;C06;34421.0
FR10_C06;FR;10;C06;43758.8
FR11_C06;FR;11;C06;45650.8
FR12_C06;FR;12;C06;46375.3
FR13_C06;FR;13;C06;46950.1
FR14_C06;FR;14;C06;47435.0
FR15_C06;FR;15;C06;47996.0
FR16_C06;FR;16;C06;48529.8
FR17_C06;FR;17;C06;48770.1
FR18_C06;FR;18;C06;49342.1
FR19_C06;FR;19;C06;50088.8
FR20_C06;FR;20;C06;46947.1
FR21_C06;FR;21;C06;51790.9
FR22_C06;FR;22;C06;53323.8
FR23_C06;FR;23;C06;55462.5
IT10_C06;IT;10;C06;30576.7
IT11_C06;IT;11;C06;33722.4
IT12_C06;IT;12;C06;33838.1
IT13_C06;IT;13;C06;33851.7
IT14_C06;IT;14;C06;34657.8
IT15_C06;IT;15;C06;36460.5
IT16_C06;IT;16;C06;36626.7
IT17_C06;IT;17;C06;38045.2
IT18_C06;IT;18;C06;38576.3
IT19_C06;IT;19;C06;39061.0
IT20_C06;IT;20;C06;36097.1
IT21_C06;IT;21;C06;41094.1
IT22_C06;IT;22;C06;43259.2
IT23_C06;IT;23;C06;44342.1
CY10_C06;CY;10;C06;664.6
CY11_C06;CY;11;C06;650.5
CY12_C06;CY;12;C06;667.0
CY13_C06;CY;13;C06;660.3
CY14_C06;CY;14;C06;682.7
CY15_C06;CY;15;C06;690.2
CY16_C06;CY;16;C06;728.2
CY17_C06;CY;17;C06;776.8
CY18_C06;CY;18;C06;847.2
CY19_C06;CY;19;C06;737.4
CY20_C06;CY;20;C06;506.4
CY21_C06;CY;21;C06;427.1
CY22_C06;CY;22;C06;498.3
CY23_C06;CY;23;C06;524.8
LV10_C06;LV;10;C06;498.6
LV11_C06;LV;11;C06;517.2
LV12_C06;LV;12;C06;537.3
LV13_C06;LV;13;C06;590.8
LV14_C06;LV;14;C06;662.1
LV15_C06;LV;15;C06;695.0
LV16_C06;LV;16;C06;711.4
LV17_C06;LV;17;C06;777.2
LV18_C06;LV;18;C06;803.7
LV19_C06;LV;19;C06;895.8
LV20_C06;LV;20;C06;903.8
LV21_C06;LV;21;C06;926.7
LV22_C06;LV;22;C06;1080.5
LV23_C06;LV;23;C06;1145.3
HU10_C06;HU;10;C06;2340.5
HU11_C06;HU;11;C06;2430.8
HU12_C06;HU;12;C06;2361.8
HU13_C06;HU;13;C06;2391.0
HU14_C06;HU;14;C06;2412.6
HU15_C06;HU;15;C06;2444.4
HU16_C06;HU;16;C06;2572.0
HU17_C06;HU;17;C06;2697.6
HU18_C06;HU;18;C06;2761.9
HU19_C06;HU;19;C06;2933.1
HU20_C06;HU;20;C06;2905.9
HU21_C06;HU;21;C06;2958.2
HU22_C06;HU;22;C06;3060.4
HU23_C06;HU;23;C06;3435.8
MT10_C06;MT;10;C06;178.3
MT11_C06;MT;11;C06;192.7
MT12_C06;MT;12;C06;206.1
MT13_C06;MT;13;C06;218.9
MT14_C06;MT;14;C06;239.5
MT15_C06;MT;15;C06;269.8
MT16_C06;MT;16;C06;270.7
MT17_C06;MT;17;C06;307.4
MT18_C06;MT;18;C06;332.3
MT19_C06;MT;19;C06;366.5
MT20_C06;MT;20;C06;368.8
MT21_C06;MT;21;C06;453.1
MT22_C06;MT;22;C06;489.1
MT23_C06;MT;23;C06;547.7
NL10_C06;NL;10;C06;8388.0
NL11_C06;NL;11;C06;8791.0
NL12_C06;NL;12;C06;9318.0
NL13_C06;NL;13;C06;10276.0
NL14_C06;NL;14;C06;10545.0
NL15_C06;NL;15;C06;10680.0
NL16_C06;NL;16;C06;11062.0
NL17_C06;NL;17;C06;11240.0
NL18_C06;NL;18;C06;11585.0
NL19_C06;NL;19;C06;11896.0
NL20_C06;NL;20;C06;11072.0
NL21_C06;NL;21;C06;12467.0
NL22_C06;NL;22;C06;13334.0
NL23_C06;NL;23;C06;14531.0
AT10_C06;AT;10;C06;6467.8
AT11_C06;AT;11;C06;6691.2
AT12_C06;AT;12;C06;6914.1
AT13_C06;AT;13;C06;7163.6
AT14_C06;AT;14;C06;7508.8
AT15_C06;AT;15;C06;7768.2
AT16_C06;AT;16;C06;8087.1
AT17_C06;AT;17;C06;8357.9
AT18_C06;AT;18;C06;8569.8
AT19_C06;AT;19;C06;8710.5
AT20_C06;AT;20;C06;8291.6
AT21_C06;AT;21;C06;8664.1
AT22_C06;AT;22;C06;9009.8
AT23_C06;AT;23;C06;9591.6
PT10_C06;PT;10;C06;5962.2
PT11_C06;PT;11;C06;5843.5
PT12_C06;PT;12;C06;5600.4
PT13_C06;PT;13;C06;5708.4
PT14_C06;PT;14;C06;5640.2
PT15_C06;PT;15;C06;6138.2
PT16_C06;PT;16;C06;6740.0
PT17_C06;PT;17;C06;7038.3
PT18_C06;PT;18;C06;7372.2
PT19_C06;PT;19;C06;8005.4
PT20_C06;PT;20;C06;7130.3
PT21_C06;PT;21;C06;8778.6
PT22_C06;PT;22;C06;9448.7
PT23_C06;PT;23;C06;10098.02351828241
SI10_C06;SI;10;C06;782.3
SI11_C06;SI;11;C06;785.1
SI12_C06;SI;12;C06;850.7
SI13_C06;SI;13;C06;854.7
SI14_C06;SI;14;C06;842.0
SI15_C06;SI;15;C06;847.8
SI16_C06;SI;16;C06;872.7
SI17_C06;SI;17;C06;901.8
SI18_C06;SI;18;C06;975.3
SI19_C06;SI;19;C06;1026.0
SI20_C06;SI;20;C06;1047.8
SI21_C06;SI;21;C06;1171.5
SI22_C06;SI;22;C06;1345.2
SI23_C06;SI;23;C06;1484.7
SE10_C06;SE;10;C06;5144.5
SE11_C06;SE;11;C06;5583.4
SE12_C06;SE;12;C06;6142.5
SE13_C06;SE;13;C06;6470.9
SE14_C06;SE;14;C06;6489.9
SE15_C06;SE;15;C06;6730.1
SE16_C06;SE;16;C06;6758.2
SE17_C06;SE;17;C06;6725.6
SE18_C06;SE;18;C06;6686.8
SE19_C06;SE;19;C06;6555.5
SE20_C06;SE;20;C06;6370.4
SE21_C06;SE;21;C06;7216.9
SE22_C06;SE;22;C06;7159.9
SE23_C06;SE;23;C06;7126.8
EU10_C07;EU;10;C07;782312.7
EU11_C07;EU;11;C07;823409.5
EU12_C07;EU;12;C07;821099.9
EU13_C07;EU;13;C07;809342.9
EU14_C07;EU;14;C07;821603.9
EU15_C07;EU;15;C07;832360.1
EU16_C07;EU;16;C07;853924.8
EU17_C07;EU;17;C07;908730.2
EU18_C07;EU;18;C07;958456.6
EU19_C07;EU;19;C07;980859.2
EU20_C07;EU;20;C07;798407.6
EU21_C07;EU;21;C07;910622.9
EU22_C07;EU;22;C07;1066608.6
EU23_C07;EU;23;C07;1146611.9
BE10_C07;BE;10;C07;22596.2
BE11_C07;BE;11;C07;23667.0
BE12_C07;BE;12;C07;23479.1
BE13_C07;BE;13;C07;24020.3
BE14_C07;BE;14;C07;24090.8
BE15_C07;BE;15;C07;23377.0
BE16_C07;BE;16;C07;24422.1
BE17_C07;BE;17;C07;25795.4
BE18_C07;BE;18;C07;26890.1
BE19_C07;BE;19;C07;27858.3
BE20_C07;BE;20;C07;24474.6
BE21_C07;BE;21;C07;25412.9
BE22_C07;BE;22;C07;27998.9
BE23_C07;BE;23;C07;29981.5
BG10_C07;BG;10;C07;4216.0
BG11_C07;BG;11;C07;4289.0
BG12_C07;BG;12;C07;4712.3
BG13_C07;BG;13;C07;4289.9
BG14_C07;BG;14;C07;4282.5
BG15_C07;BG;15;C07;4520.1
BG16_C07;BG;16;C07;4371.4
BG17_C07;BG;17;C07;4658.3
BG18_C07;BG;18;C07;4744.8
BG19_C07;BG;19;C07;5258.8
BG20_C07;BG;20;C07;4233.0
BG21_C07;BG;21;C07;5170.7
BG22_C07;BG;22;C07;7004.7
BG23_C07;BG;23;C07;7155.5
CZ10_C07;CZ;10;C07;7351.1
CZ11_C07;CZ;11;C07;8031.3
CZ12_C07;CZ;12;C07;7976.1
CZ13_C07;CZ;13;C07;7657.9
CZ14_C07;CZ;14;C07;7675.3
CZ15_C07;CZ;15;C07;7971.8
CZ16_C07;CZ;16;C07;8382.1
CZ17_C07;CZ;17;C07;9674.0
CZ18_C07;CZ;18;C07;10763.2
CZ19_C07;CZ;19;C07;10966.2
CZ20_C07;CZ;20;C07;8508.8
CZ21_C07;CZ;21;C07;9958.5
CZ22_C07;CZ;22;C07;12583.0
CZ23_C07;CZ;23;C07;12895.5
DK10_C07;DK;10;C07;12648.9
DK11_C07;DK;11;C07;13247.5
DK12_C07;DK;12;C07;13508.5
DK13_C07;DK;13;C07;14366.7
DK14_C07;DK;14;C07;14208.0
DK15_C07;DK;15;C07;14498.4
DK16_C07;DK;16;C07;14870.3
DK17_C07;DK;17;C07;15655.6
DK18_C07;DK;18;C07;17223.5
DK19_C07;DK;19;C07;17763.7
DK20_C07;DK;20;C07;16412.8
DK21_C07;DK;21;C07;17539.9
DK22_C07;DK;22;C07;18432.8
DK23_C07;DK;23;C07;19308.1
DE10_C07;DE;10;C07;193361.0
DE11_C07;DE;11;C07;207890.0
DE12_C07;DE;12;C07;209100.0
DE13_C07;DE;13;C07;209507.0
DE14_C07;DE;14;C07;213991.0
DE15_C07;DE;15;C07;217781.0
DE16_C07;DE;16;C07;226594.0
DE17_C07;DE;17;C07;235563.0
DE18_C07;DE;18;C07;246942.0
DE19_C07;DE;19;C07;254328.0
DE20_C07;DE;20;C07;225262.0
DE21_C07;DE;21;C07;246662.0
DE22_C07;DE;22;C07;283750.0
DE23_C07;DE;23;C07;304786.0
EE10_C07;EE;10;C07;965.3
EE11_C07;EE;11;C07;1098.5
EE12_C07;EE;12;C07;1224.6
EE13_C07;EE;13;C07;1262.5
EE14_C07;EE;14;C07;1276.7
EE15_C07;EE;15;C07;1234.0
EE16_C07;EE;16;C07;1295.7
EE17_C07;EE;17;C07;1427.6
EE18_C07;EE;18;C07;1546.1
EE19_C07;EE;19;C07;1657.2
EE20_C07;EE;20;C07;1345.4
EE21_C07;EE;21;C07;1591.3
EE22_C07;EE;22;C07;1997.4
EE23_C07;EE;23;C07;2027.0
IE10_C07;IE;10;C07;9182.0
IE11_C07;IE;11;C07;9637.3
IE12_C07;IE;12;C07;9787.7
IE13_C07;IE;13;C07;9728.7
IE14_C07;IE;14;C07;10508.1
IE15_C07;IE;15;C07;11201.3
IE16_C07;IE;16;C07;11645.8
IE17_C07;IE;17;C07;11722.7
IE18_C07;IE;18;C07;12203.8
IE19_C07;IE;19;C07;12546.4
IE20_C07;IE;20;C07;9734.5
IE21_C07;IE;21;C07;9846.7
IE22_C07;IE;22;C07;12509.7
IE23_C07;IE;23;C07;13244.9
ES10_C07;ES;10;C07;76626.0
ES11_C07;ES;11;C07;76167.0
ES12_C07;ES;12;C07;75012.0
ES13_C07;ES;13;C07;72980.0
ES14_C07;ES;14;C07;75929.0
ES15_C07;ES;15;C07;79450.0
ES16_C07;ES;16;C07;80934.0
ES17_C07;ES;17;C07;89658.0
ES18_C07;ES;18;C07;93740.0
ES19_C07;ES;19;C07;93219.0
ES20_C07;ES;20;C07;66355.0
ES21_C07;ES;21;C07;80834.0
ES22_C07;ES;22;C07;95478.0
ES23_C07;ES;23;C07;100072.0
FR10_C07;FR;10;C07;139232.4
FR11_C07;FR;11;C07;147814.0
FR12_C07;FR;12;C07;146755.4
FR13_C07;FR;13;C07;144262.1
FR14_C07;FR;14;C07;143757.8
FR15_C07;FR;15;C07;143975.9
FR16_C07;FR;16;C07;146906.9
FR17_C07;FR;17;C07;156293.5
FR18_C07;FR;18;C07;165944.5
FR19_C07;FR;19;C07;169666.8
FR20_C07;FR;20;C07;129789.5
FR21_C07;FR;21;C07;150159.2
FR22_C07;FR;22;C07;177618.2
FR23_C07;FR;23;C07;191041.1
IT10_C07;IT;10;C07;124271.1
IT11_C07;IT;11;C07;130127.0
IT12_C07;IT;12;C07;129345.2
IT13_C07;IT;13;C07;123983.2
IT14_C07;IT;14;C07;125494.7
IT15_C07;IT;15;C07;125405.5
IT16_C07;IT;16;C07;127799.6
IT17_C07;IT;17;C07;133360.5
IT18_C07;IT;18;C07;139913.9
IT19_C07;IT;19;C07;141453.0
IT20_C07;IT;20;C07;106594.9
IT21_C07;IT;21;C07;125084.4
IT22_C07;IT;22;C07;145244.3
IT23_C07;IT;23;C07;161545.8
CY10_C07;CY;10;C07;1942.8
CY11_C07;CY;11;C07;1969.4
CY12_C07;CY;12;C07;1931.9
CY13_C07;CY;13;C07;1796.6
CY14_C07;CY;14;C07;1857.3
CY15_C07;CY;15;C07;1848.0
CY16_C07;CY;16;C07;2015.9
CY17_C07;CY;17;C07;2240.8
CY18_C07;CY;18;C07;2374.5
CY19_C07;CY;19;C07;2394.9
CY20_C07;CY;20;C07;1606.6
CY21_C07;CY;21;C07;1795.4
CY22_C07;CY;22;C07;2376.2
CY23_C07;CY;23;C07;2510.9
LV10_C07;LV;10;C07;1264.7
LV11_C07;LV;11;C07;1459.9
LV12_C07;LV;12;C07;1646.8
LV13_C07;LV;13;C07;1637.3
LV14_C07;LV;14;C07;1732.4
LV15_C07;LV;15;C07;1836.4
LV16_C07;LV;16;C07;1955.9
LV17_C07;LV;17;C07;2090.9
LV18_C07;LV;18;C07;2205.9
LV19_C07;LV;19;C07;2161.2
LV20_C07;LV;20;C07;1803.8
LV21_C07;LV;21;C07;2171.8
LV22_C07;LV;22;C07;2649.9
LV23_C07;LV;23;C07;2743.9
HU10_C07;HU;10;C07;6522.9
HU11_C07;HU;11;C07;7202.0
HU12_C07;HU;12;C07;7113.0
HU13_C07;HU;13;C07;7024.7
HU14_C07;HU;14;C07;7480.6
HU15_C07;HU;15;C07;7243.2
HU16_C07;HU;16;C07;7619.9
HU17_C07;HU;17;C07;8259.0
HU18_C07;HU;18;C07;8825.2
HU19_C07;HU;19;C07;9284.8
HU20_C07;HU;20;C07;7597.0
HU21_C07;HU;21;C07;8586.5
HU22_C07;HU;22;C07;10132.4
HU23_C07;HU;23;C07;11534.4
MT10_C07;MT;10;C07;588.3
MT11_C07;MT;11;C07;654.3
MT12_C07;MT;12;C07;659.5
MT13_C07;MT;13;C07;646.4
MT14_C07;MT;14;C07;674.9
MT15_C07;MT;15;C07;689.0
MT16_C07;MT;16;C07;710.4
MT17_C07;MT;17;C07;756.3
MT18_C07;MT;18;C07;820.0
MT19_C07;MT;19;C07;920.0
MT20_C07;MT;20;C07;675.1
MT21_C07;MT;21;C07;797.6
MT22_C07;MT;22;C07;968.4
MT23_C07;MT;23;C07;1095.2
NL10_C07;NL;10;C07;35412.0
NL11_C07;NL;11;C07;37176.0
NL12_C07;NL;12;C07;36511.0
NL13_C07;NL;13;C07;36339.0
NL14_C07;NL;14;C07;36907.0
NL15_C07;NL;15;C07;37914.0
NL16_C07;NL;16;C07;38528.0
NL17_C07;NL;17;C07;40821.0
NL18_C07;NL;18;C07;44614.0
NL19_C07;NL;19;C07;46406.0
NL20_C07;NL;20;C07;41815.0
NL21_C07;NL;21;C07;46136.0
NL22_C07;NL;22;C07;53859.0
NL23_C07;NL;23;C07;58822.0
AT10_C07;AT;10;C07;21307.1
AT11_C07;AT;11;C07;23090.2
AT12_C07;AT;12;C07;23341.6
AT13_C07;AT;13;C07;23068.3
AT14_C07;AT;14;C07;22381.1
AT15_C07;AT;15;C07;22103.5
AT16_C07;AT;16;C07;22798.9
AT17_C07;AT;17;C07;24118.5
AT18_C07;AT;18;C07;25288.3
AT19_C07;AT;19;C07;25367.8
AT20_C07;AT;20;C07;20836.2
AT21_C07;AT;21;C07;23267.5
AT22_C07;AT;22;C07;27610.7
AT23_C07;AT;23;C07;28240.6
PT10_C07;PT;10;C07;16767.3
PT11_C07;PT;11;C07;15675.7
PT12_C07;PT;12;C07;13877.0
PT13_C07;PT;13;C07;13522.6
PT14_C07;PT;14;C07;14683.9
PT15_C07;PT;15;C07;15298.8
PT16_C07;PT;16;C07;16365.9
PT17_C07;PT;17;C07;17895.4
PT18_C07;PT;18;C07;19029.9
PT19_C07;PT;19;C07;20095.2
PT20_C07;PT;20;C07;14921.1
PT21_C07;PT;21;C07;17109.4
PT22_C07;PT;22;C07;21927.2
PT23_C07;PT;23;C07;23434.057731760146
SI10_C07;SI;10;C07;3158.7
SI11_C07;SI;11;C07;3216.0
SI12_C07;SI;12;C07;3281.8
SI13_C07;SI;13;C07;3307.0
SI14_C07;SI;14;C07;3374.7
SI15_C07;SI;15;C07;3470.3
SI16_C07;SI;16;C07;3512.0
SI17_C07;SI;17;C07;3904.8
SI18_C07;SI;18;C07;4212.6
SI19_C07;SI;19;C07;4429.9
SI20_C07;SI;20;C07;3304.2
SI21_C07;SI;21;C07;4659.7
SI22_C07;SI;22;C07;5557.5
SI23_C07;SI;23;C07;5542.3
SE10_C07;SE;10;C07;23109.7
SE11_C07;SE;11;C07;25915.3
SE12_C07;SE;12;C07;26485.9
SE13_C07;SE;13;C07;26573.0
SE14_C07;SE;14;C07;26147.3
SE15_C07;SE;15;C07;26654.8
SE16_C07;SE;16;C07;27676.3
SE17_C07;SE;17;C07;28277.2
SE18_C07;SE;18;C07;27856.7
SE19_C07;SE;19;C07;28199.9
SE20_C07;SE;20;C07;25062.0
SE21_C07;SE;21;C07;30018.9
SE22_C07;SE;22;C07;32496.4
SE23_C07;SE;23;C07;30095.8
EU10_C08;EU;10;C08;258637.1
EU11_C08;EU;11;C08;256551.9
EU12_C08;EU;12;C08;253083.7
EU13_C08;EU;13;C08;245342.3
EU14_C08;EU;14;C08;241626.7
EU15_C08;EU;15;C08;244767.2
EU16_C08;EU;16;C08;246367.2
EU17_C08;EU;17;C08;252633.2
EU18_C08;EU;18;C08;255401.8
EU19_C08;EU;19;C08;257202.5
EU20_C08;EU;20;C08;263266.4
EU21_C08;EU;21;C08;276410.7
EU22_C08;EU;22;C08;283284.9
EU23_C08;EU;23;C08;292155.8
BE10_C08;BE;10;C08;7039.3
BE11_C08;BE;11;C08;7082.6
BE12_C08;BE;12;C08;7471.6
BE13_C08;BE;13;C08;7505.1
BE14_C08;BE;14;C08;7585.2
BE15_C08;BE;15;C08;7811.4
BE16_C08;BE;16;C08;8007.0
BE17_C08;BE;17;C08;8336.8
BE18_C08;BE;18;C08;8425.7
BE19_C08;BE;19;C08;8496.3
BE20_C08;BE;20;C08;8653.7
BE21_C08;BE;21;C08;8841.5
BE22_C08;BE;22;C08;9085.4
BE23_C08;BE;23;C08;9380.2
BG10_C08;BG;10;C08;1450.0
BG11_C08;BG;11;C08;1463.4
BG12_C08;BG;12;C08;1561.0
BG13_C08;BG;13;C08;1543.9
BG14_C08;BG;14;C08;1452.0
BG15_C08;BG;15;C08;1424.2
BG16_C08;BG;16;C08;1506.6
BG17_C08;BG;17;C08;1592.0
BG18_C08;BG;18;C08;1692.5
BG19_C08;BG;19;C08;1794.8
BG20_C08;BG;20;C08;2034.0
BG21_C08;BG;21;C08;2178.7
BG22_C08;BG;22;C08;2430.3
BG23_C08;BG;23;C08;2810.4
CZ10_C08;CZ;10;C08;3788.5
CZ11_C08;CZ;11;C08;3879.8
CZ12_C08;CZ;12;C08;3727.1
CZ13_C08;CZ;13;C08;3627.3
CZ14_C08;CZ;14;C08;3475.8
CZ15_C08;CZ;15;C08;3789.0
CZ16_C08;CZ;16;C08;3880.4
CZ17_C08;CZ;17;C08;4236.2
CZ18_C08;CZ;18;C08;4477.1
CZ19_C08;CZ;19;C08;4691.5
CZ20_C08;CZ;20;C08;4803.3
CZ21_C08;CZ;21;C08;5242.2
CZ22_C08;CZ;22;C08;5527.1
CZ23_C08;CZ;23;C08;5878.1
DK10_C08;DK;10;C08;5728.0
DK11_C08;DK;11;C08;5775.1
DK12_C08;DK;12;C08;6128.6
DK13_C08;DK;13;C08;6004.1
DK14_C08;DK;14;C08;5949.9
DK15_C08;DK;15;C08;6280.4
DK16_C08;DK;16;C08;6605.0
DK17_C08;DK;17;C08;7024.6
DK18_C08;DK;18;C08;7329.5
DK19_C08;DK;19;C08;7407.2
DK20_C08;DK;20;C08;8137.0
DK21_C08;DK;21;C08;8982.9
DK22_C08;DK;22;C08;8341.5
DK23_C08;DK;23;C08;8284.8
DE10_C08;DE;10;C08;57228.0
DE11_C08;DE;11;C08;57650.0
DE12_C08;DE;12;C08;58332.0
DE13_C08;DE;13;C08;57697.0
DE14_C08;DE;14;C08;57981.0
DE15_C08;DE;15;C08;58404.0
DE16_C08;DE;16;C08;60327.0
DE17_C08;DE;17;C08;61445.0
DE18_C08;DE;18;C08;61668.0
DE19_C08;DE;19;C08;62115.0
DE20_C08;DE;20;C08;63815.0
DE21_C08;DE;21;C08;66696.0
DE22_C08;DE;22;C08;67279.0
DE23_C08;DE;23;C08;69482.0
EE10_C08;EE;10;C08;399.0
EE11_C08;EE;11;C08;409.7
EE12_C08;EE;12;C08;414.5
EE13_C08;EE;13;C08;419.0
EE14_C08;EE;14;C08;434.7
EE15_C08;EE;15;C08;441.5
EE16_C08;EE;16;C08;446.1
EE17_C08;EE;17;C08;471.9
EE18_C08;EE;18;C08;501.7
EE19_C08;EE;19;C08;520.7
EE20_C08;EE;20;C08;581.0
EE21_C08;EE;21;C08;632.2
EE22_C08;EE;22;C08;673.2
EE23_C08;EE;23;C08;708.0
IE10_C08;IE;10;C08;3580.4
IE11_C08;IE;11;C08;3379.1
IE12_C08;IE;12;C08;3198.4
IE13_C08;IE;13;C08;3132.1
IE14_C08;IE;14;C08;3147.5
IE15_C08;IE;15;C08;3184.0
IE16_C08;IE;16;C08;3003.7
IE17_C08;IE;17;C08;2946.6
IE18_C08;IE;18;C08;3057.6
IE19_C08;IE;19;C08;3097.0
IE20_C08;IE;20;C08;3341.7
IE21_C08;IE;21;C08;3672.4
IE22_C08;IE;22;C08;4063.7
IE23_C08;IE;23;C08;4084.9
ES10_C08;ES;10;C08;25255.0
ES11_C08;ES;11;C08;24216.0
ES12_C08;ES;12;C08;22593.0
ES13_C08;ES;13;C08;21461.0
ES14_C08;ES;14;C08;20620.0
ES15_C08;ES;15;C08;21064.0
ES16_C08;ES;16;C08;21215.0
ES17_C08;ES;17;C08;22054.0
ES18_C08;ES;18;C08;22861.0
ES19_C08;ES;19;C08;22592.0
ES20_C08;ES;20;C08;22191.0
ES21_C08;ES;21;C08;23519.0
ES22_C08;ES;22;C08;25134.0
ES23_C08;ES;23;C08;25763.0
FR10_C08;FR;10;C08;54206.3
FR11_C08;FR;11;C08;52493.8
FR12_C08;FR;12;C08;49953.8
FR13_C08;FR;13;C08;47727.8
FR14_C08;FR;14;C08;46878.0
FR15_C08;FR;15;C08;46508.4
FR16_C08;FR;16;C08;46795.7
FR17_C08;FR;17;C08;45865.3
FR18_C08;FR;18;C08;46551.7
FR19_C08;FR;19;C08;47279.6
FR20_C08;FR;20;C08;49539.2
FR21_C08;FR;21;C08;51836.4
FR22_C08;FR;22;C08;52998.8
FR23_C08;FR;23;C08;53729.1
IT10_C08;IT;10;C08;35432.4
IT11_C08;IT;11;C08;35493.8
IT12_C08;IT;12;C08;35027.5
IT13_C08;IT;13;C08;32885.4
IT14_C08;IT;14;C08;31167.8
IT15_C08;IT;15;C08;31580.9
IT16_C08;IT;16;C08;30416.9
IT17_C08;IT;17;C08;31557.8
IT18_C08;IT;18;C08;30884.3
IT19_C08;IT;19;C08;29986.8
IT20_C08;IT;20;C08;29435.5
IT21_C08;IT;21;C08;30533.5
IT22_C08;IT;22;C08;31655.5
IT23_C08;IT;23;C08;32463.7
CY10_C08;CY;10;C08;448.7
CY11_C08;CY;11;C08;489.6
CY12_C08;CY;12;C08;475.1
CY13_C08;CY;13;C08;482.8
CY14_C08;CY;14;C08;486.2
CY15_C08;CY;15;C08;524.3
CY16_C08;CY;16;C08;523.7
CY17_C08;CY;17;C08;509.9
CY18_C08;CY;18;C08;497.2
CY19_C08;CY;19;C08;509.7
CY20_C08;CY;20;C08;528.5
CY21_C08;CY;21;C08;566.2
CY22_C08;CY;22;C08;609.5
CY23_C08;CY;23;C08;638.9
LV10_C08;LV;10;C08;538.2
LV11_C08;LV;11;C08;531.3
LV12_C08;LV;12;C08;548.0
LV13_C08;LV;13;C08;568.6
LV14_C08;LV;14;C08;570.1
LV15_C08;LV;15;C08;610.8
LV16_C08;LV;16;C08;651.0
LV17_C08;LV;17;C08;690.0
LV18_C08;LV;18;C08;733.9
LV19_C08;LV;19;C08;744.7
LV20_C08;LV;20;C08;724.4
LV21_C08;LV;21;C08;818.3
LV22_C08;LV;22;C08;926.6
LV23_C08;LV;23;C08;1028.9
HU10_C08;HU;10;C08;2785.5
HU11_C08;HU;11;C08;2775.6
HU12_C08;HU;12;C08;2801.6
HU13_C08;HU;13;C08;2801.7
HU14_C08;HU;14;C08;2729.2
HU15_C08;HU;15;C08;2847.6
HU16_C08;HU;16;C08;3015.0
HU17_C08;HU;17;C08;3029.9
HU18_C08;HU;18;C08;3000.6
HU19_C08;HU;19;C08;3026.2
HU20_C08;HU;20;C08;2931.5
HU21_C08;HU;21;C08;2848.9
HU22_C08;HU;22;C08;2855.3
HU23_C08;HU;23;C08;3288.2
MT10_C08;MT;10;C08;223.8
MT11_C08;MT;11;C08;226.9
MT12_C08;MT;12;C08;233.8
MT13_C08;MT;13;C08;232.9
MT14_C08;MT;14;C08;236.3
MT15_C08;MT;15;C08;234.7
MT16_C08;MT;16;C08;254.6
MT17_C08;MT;17;C08;264.9
MT18_C08;MT;18;C08;276.9
MT19_C08;MT;19;C08;287.7
MT20_C08;MT;20;C08;268.6
MT21_C08;MT;21;C08;295.6
MT22_C08;MT;22;C08;352.0
MT23_C08;MT;23;C08;372.5
NL10_C08;NL;10;C08;16200.0
NL11_C08;NL;11;C08;15969.0
NL12_C08;NL;12;C08;15980.0
NL13_C08;NL;13;C08;15834.0
NL14_C08;NL;14;C08;15911.0
NL15_C08;NL;15;C08;15880.0
NL16_C08;NL;16;C08;15542.0
NL17_C08;NL;17;C08;15824.0
NL18_C08;NL;18;C08;15701.0
NL19_C08;NL;19;C08;16094.0
NL20_C08;NL;20;C08;15500.0
NL21_C08;NL;21;C08;16450.0
NL22_C08;NL;22;C08;17368.0
NL23_C08;NL;23;C08;17810.0
AT10_C08;AT;10;C08;5579.2
AT11_C08;AT;11;C08;5633.6
AT12_C08;AT;12;C08;5724.3
AT13_C08;AT;13;C08;5485.0
AT14_C08;AT;14;C08;5534.8
AT15_C08;AT;15;C08;5759.7
AT16_C08;AT;16;C08;6029.8
AT17_C08;AT;17;C08;6139.2
AT18_C08;AT;18;C08;6498.7
AT19_C08;AT;19;C08;6544.2
AT20_C08;AT;20;C08;6868.1
AT21_C08;AT;21;C08;7187.6
AT22_C08;AT;22;C08;7592.7
AT23_C08;AT;23;C08;7698.8
PT10_C08;PT;10;C08;4496.5
PT11_C08;PT;11;C08;4366.1
PT12_C08;PT;12;C08;4249.1
PT13_C08;PT;13;C08;3945.3
PT14_C08;PT;14;C08;3757.5
PT15_C08;PT;15;C08;3798.7
PT16_C08;PT;16;C08;3744.4
PT17_C08;PT;17;C08;3855.4
PT18_C08;PT;18;C08;3789.4
PT19_C08;PT;19;C08;4225.7
PT20_C08;PT;20;C08;4167.7
PT21_C08;PT;21;C08;4315.5
PT22_C08;PT;22;C08;4365.1
PT23_C08;PT;23;C08;4665.073762491618
SI10_C08;SI;10;C08;956.4
SI11_C08;SI;11;C08;983.4
SI12_C08;SI;12;C08;929.8
SI13_C08;SI;13;C08;928.3
SI14_C08;SI;14;C08;955.6
SI15_C08;SI;15;C08;934.4
SI16_C08;SI;16;C08;944.0
SI17_C08;SI;17;C08;966.5
SI18_C08;SI;18;C08;1000.0
SI19_C08;SI;19;C08;1085.7
SI20_C08;SI;20;C08;1148.0
SI21_C08;SI;21;C08;1263.5
SI22_C08;SI;22;C08;1258.4
SI23_C08;SI;23;C08;1338.0
SE10_C08;SE;10;C08;7818.6
SE11_C08;SE;11;C08;8352.5
SE12_C08;SE;12;C08;8502.2
SE13_C08;SE;13;C08;8684.0
SE14_C08;SE;14;C08;8748.3
SE15_C08;SE;15;C08;9192.8
SE16_C08;SE;16;C08;9126.6
SE17_C08;SE;17;C08;9743.7
SE18_C08;SE;18;C08;9491.3
SE19_C08;SE;19;C08;9282.6
SE20_C08;SE;20;C08;9839.6
SE21_C08;SE;21;C08;11092.2
SE22_C08;SE;22;C08;11450.6
SE23_C08;SE;23;C08;10859.2
EU10_C09;EU;10;C09;449057.5
EU11_C09;EU;11;C09;459468.4
EU12_C09;EU;12;C09;459193.0
EU13_C09;EU;13;C09;453732.1
EU14_C09;EU;14;C09;462888.7
EU15_C09;EU;15;C09;483176.5
EU16_C09;EU;16;C09;504687.9
EU17_C09;EU;17;C09;530767.6
EU18_C09;EU;18;C09;549503.8
EU19_C09;EU;19;C09;567983.3
EU20_C09;EU;20;C09;448588.2
EU21_C09;EU;21;C09;496676.5
EU22_C09;EU;22;C09;623617.3
EU23_C09;EU;23;C09;680591.3
BE10_C09;BE;10;C09;12946.5
BE11_C09;BE;11;C09;13627.3
BE12_C09;BE;12;C09;14107.6
BE13_C09;BE;13;C09;14428.6
BE14_C09;BE;14;C09;14766.0
BE15_C09;BE;15;C09;15167.1
BE16_C09;BE;16;C09;15350.5
BE17_C09;BE;17;C09;15651.7
BE18_C09;BE;18;C09;16047.3
BE19_C09;BE;19;C09;16255.1
BE20_C09;BE;20;C09;13472.9
BE21_C09;BE;21;C09;15219.3
BE22_C09;BE;22;C09;17930.4
BE23_C09;BE;23;C09;19391.8
BG10_C09;BG;10;C09;2002.6
BG11_C09;BG;11;C09;1994.5
BG12_C09;BG;12;C09;2000.2
BG13_C09;BG;13;C09;2002.2
BG14_C09;BG;14;C09;2169.1
BG15_C09;BG;15;C09;2266.6
BG16_C09;BG;16;C09;2440.8
BG17_C09;BG;17;C09;2626.1
BG18_C09;BG;18;C09;2762.6
BG19_C09;BG;19;C09;3147.2
BG20_C09;BG;20;C09;2704.4
BG21_C09;BG;21;C09;3397.9
BG22_C09;BG;22;C09;3647.9
BG23_C09;BG;23;C09;4723.8
CZ10_C09;CZ;10;C09;6127.0
CZ11_C09;CZ;11;C09;6184.6
CZ12_C09;CZ;12;C09;5929.2
CZ13_C09;CZ;13;C09;5722.9
CZ14_C09;CZ;14;C09;5500.9
CZ15_C09;CZ;15;C09;5776.1
CZ16_C09;CZ;16;C09;6350.2
CZ17_C09;CZ;17;C09;7066.4
CZ18_C09;CZ;18;C09;7483.5
CZ19_C09;CZ;19;C09;8191.0
CZ20_C09;CZ;20;C09;5898.9
CZ21_C09;CZ;21;C09;7039.2
CZ22_C09;CZ;22;C09;10001.4
CZ23_C09;CZ;23;C09;11443.6
DK10_C09;DK;10;C09;8872.7
DK11_C09;DK;11;C09;9256.7
DK12_C09;DK;12;C09;9445.1
DK13_C09;DK;13;C09;9582.0
DK14_C09;DK;14;C09;9683.7
DK15_C09;DK;15;C09;10266.2
DK16_C09;DK;16;C09;10954.8
DK17_C09;DK;17;C09;11475.3
DK18_C09;DK;18;C09;11834.1
DK19_C09;DK;19;C09;12131.6
DK20_C09;DK;20;C09;10293.0
DK21_C09;DK;21;C09;11233.6
DK22_C09;DK;22;C09;12754.5
DK23_C09;DK;23;C09;13103.1
DE10_C09;DE;10;C09;120817.0
DE11_C09;DE;11;C09;125188.0
DE12_C09;DE;12;C09;129333.0
DE13_C09;DE;13;C09;130082.0
DE14_C09;DE;14;C09;135060.0
DE15_C09;DE;15;C09;142680.0
DE16_C09;DE;16;C09;150378.0
DE17_C09;DE;17;C09;159085.0
DE18_C09;DE;18;C09;165276.0
DE19_C09;DE;19;C09;171441.0
DE20_C09;DE;20;C09;136871.0
DE21_C09;DE;21;C09;144946.0
DE22_C09;DE;22;C09;185768.0
DE23_C09;DE;23;C09;202869.0
EE10_C09;EE;10;C09;462.8
EE11_C09;EE;11;C09;498.1
EE12_C09;EE;12;C09;553.5
EE13_C09;EE;13;C09;611.9
EE14_C09;EE;14;C09;655.2
EE15_C09;EE;15;C09;708.5
EE16_C09;EE;16;C09;764.7
EE17_C09;EE;17;C09;846.0
EE18_C09;EE;18;C09;920.6
EE19_C09;EE;19;C09;1000.2
EE20_C09;EE;20;C09;877.1
EE21_C09;EE;21;C09;1037.1
EE22_C09;EE;22;C09;1291.5
EE23_C09;EE;23;C09;1319.8
IE10_C09;IE;10;C09;4694.6
IE11_C09;IE;11;C09;4557.6
IE12_C09;IE;12;C09;4473.8
IE13_C09;IE;13;C09;4645.3
IE14_C09;IE;14;C09;4767.9
IE15_C09;IE;15;C09;5116.5
IE16_C09;IE;16;C09;5576.9
IE17_C09;IE;17;C09;5851.2
IE18_C09;IE;18;C09;6265.9
IE19_C09;IE;19;C09;6315.2
IE20_C09;IE;20;C09;5072.0
IE21_C09;IE;21;C09;5614.3
IE22_C09;IE;22;C09;7748.4
IE23_C09;IE;23;C09;8754.1
ES10_C09;ES;10;C09;41067.0
ES11_C09;ES;11;C09;41140.0
ES12_C09;ES;12;C09;39052.0
ES13_C09;ES;13;C09;38143.0
ES14_C09;ES;14;C09;39139.0
ES15_C09;ES;15;C09;41659.0
ES16_C09;ES;16;C09;45451.0
ES17_C09;ES;17;C09;48616.0
ES18_C09;ES;18;C09;50182.0
ES19_C09;ES;19;C09;51964.0
ES20_C09;ES;20;C09;30705.0
ES21_C09;ES;21;C09;40405.0
ES22_C09;ES;22;C09;57570.0
ES23_C09;ES;23;C09;62572.0
FR10_C09;FR;10;C09;75548.2
FR11_C09;FR;11;C09;76562.3
FR12_C09;FR;12;C09;76624.0
FR13_C09;FR;13;C09;76248.1
FR14_C09;FR;14;C09;77264.3
FR15_C09;FR;15;C09;78684.5
FR16_C09;FR;16;C09;80299.9
FR17_C09;FR;17;C09;83158.5
FR18_C09;FR;18;C09;85426.9
FR19_C09;FR;19;C09;88504.6
FR20_C09;FR;20;C09;74834.7
FR21_C09;FR;21;C09;82257.1
FR22_C09;FR;22;C09;96023.1
FR23_C09;FR;23;C09;103455.9
IT10_C09;IT;10;C09;63012.5
IT11_C09;IT;11;C09;63661.8
IT12_C09;IT;12;C09;59594.0
IT13_C09;IT;13;C09;55043.6
IT14_C09;IT;14;C09;55798.2
IT15_C09;IT;15;C09;57604.9
IT16_C09;IT;16;C09;60303.3
IT17_C09;IT;17;C09;61260.8
IT18_C09;IT;18;C09;62290.9
IT19_C09;IT;19;C09;63417.6
IT20_C09;IT;20;C09;49057.6
IT21_C09;IT;21;C09;54168.2
IT22_C09;IT;22;C09;66833.3
IT23_C09;IT;23;C09;72359.9
CY10_C09;CY;10;C09;905.6
CY11_C09;CY;11;C09;975.2
CY12_C09;CY;12;C09;957.3
CY13_C09;CY;13;C09;877.0
CY14_C09;CY;14;C09;849.1
CY15_C09;CY;15;C09;867.7
CY16_C09;CY;16;C09;893.0
CY17_C09;CY;17;C09;937.6
CY18_C09;CY;18;C09;1021.8
CY19_C09;CY;19;C09;1085.3
CY20_C09;CY;20;C09;893.8
CY21_C09;CY;21;C09;988.4
CY22_C09;CY;22;C09;1129.4
CY23_C09;CY;23;C09;1251.7
LV10_C09;LV;10;C09;754.7
LV11_C09;LV;11;C09;805.1
LV12_C09;LV;12;C09;944.0
LV13_C09;LV;13;C09;1012.6
LV14_C09;LV;14;C09;1082.2
LV15_C09;LV;15;C09;1195.5
LV16_C09;LV;16;C09;1222.7
LV17_C09;LV;17;C09;1312.4
LV18_C09;LV;18;C09;1429.8
LV19_C09;LV;19;C09;1546.7
LV20_C09;LV;20;C09;1172.2
LV21_C09;LV;21;C09;1272.4
LV22_C09;LV;22;C09;1699.6
LV23_C09;LV;23;C09;1860.8
HU10_C09;HU;10;C09;3214.3
HU11_C09;HU;11;C09;3215.6
HU12_C09;HU;12;C09;3125.9
HU13_C09;HU;13;C09;2945.3
HU14_C09;HU;14;C09;3090.7
HU15_C09;HU;15;C09;3271.8
HU16_C09;HU;16;C09;3471.7
HU17_C09;HU;17;C09;3960.0
HU18_C09;HU;18;C09;4098.6
HU19_C09;HU;19;C09;4500.1
HU20_C09;HU;20;C09;3826.9
HU21_C09;HU;21;C09;4580.7
HU22_C09;HU;22;C09;5373.4
HU23_C09;HU;23;C09;6757.8
MT10_C09;MT;10;C09;326.5
MT11_C09;MT;11;C09;361.6
MT12_C09;MT;12;C09;383.3
MT13_C09;MT;13;C09;418.6
MT14_C09;MT;14;C09;445.7
MT15_C09;MT;15;C09;467.1
MT16_C09;MT;16;C09;486.7
MT17_C09;MT;17;C09;514.6
MT18_C09;MT;18;C09;560.9
MT19_C09;MT;19;C09;595.6
MT20_C09;MT;20;C09;398.2
MT21_C09;MT;21;C09;467.9
MT22_C09;MT;22;C09;646.9
MT23_C09;MT;23;C09;765.6
NL10_C09;NL;10;C09;26821.0
NL11_C09;NL;11;C09;26946.0
NL12_C09;NL;12;C09;26603.0
NL13_C09;NL;13;C09;26253.0
NL14_C09;NL;14;C09;25908.0
NL15_C09;NL;15;C09;26405.0
NL16_C09;NL;16;C09;26967.0
NL17_C09;NL;17;C09;28358.0
NL18_C09;NL;18;C09;29563.0
NL19_C09;NL;19;C09;30715.0
NL20_C09;NL;20;C09;24015.0
NL21_C09;NL;21;C09;25710.0
NL22_C09;NL;22;C09;34546.0
NL23_C09;NL;23;C09;39082.0
AT10_C09;AT;10;C09;13279.9
AT11_C09;AT;11;C09;14015.0
AT12_C09;AT;12;C09;14644.3
AT13_C09;AT;13;C09;14981.6
AT14_C09;AT;14;C09;15271.2
AT15_C09;AT;15;C09;15727.9
AT16_C09;AT;16;C09;16367.5
AT17_C09;AT;17;C09;17043.6
AT18_C09;AT;18;C09;17666.1
AT19_C09;AT;19;C09;17833.9
AT20_C09;AT;20;C09;14237.6
AT21_C09;AT;21;C09;15018.6
AT22_C09;AT;22;C09;19429.3
AT23_C09;AT;23;C09;21329.5
PT10_C09;PT;10;C09;6610.8
PT11_C09;PT;11;C09;6325.6
PT12_C09;PT;12;C09;5970.0
PT13_C09;PT;13;C09;5744.1
PT14_C09;PT;14;C09;5826.7
PT15_C09;PT;15;C09;6186.9
PT16_C09;PT;16;C09;6419.5
PT17_C09;PT;17;C09;6816.4
PT18_C09;PT;18;C09;7187.7
PT19_C09;PT;19;C09;7533.9
PT20_C09;PT;20;C09;5778.6
PT21_C09;PT;21;C09;6250.4
PT22_C09;PT;22;C09;7760.2
PT23_C09;PT;23;C09;8293.488216005922
SI10_C09;SI;10;C09;1623.2
SI11_C09;SI;11;C09;1597.1
SI12_C09;SI;12;C09;1552.4
SI13_C09;SI;13;C09;1511.0
SI14_C09;SI;14;C09;1551.5
SI15_C09;SI;15;C09;1642.4
SI16_C09;SI;16;C09;1731.1
SI17_C09;SI;17;C09;1830.9
SI18_C09;SI;18;C09;1968.3
SI19_C09;SI;19;C09;2135.7
SI20_C09;SI;20;C09;1416.1
SI21_C09;SI;21;C09;1683.7
SI22_C09;SI;22;C09;2315.1
SI23_C09;SI;23;C09;2686.4
SE10_C09;SE;10;C09;15987.3
SE11_C09;SE;11;C09;17543.9
SE12_C09;SE;12;C09;19021.5
SE13_C09;SE;13;C09;19227.9
SE14_C09;SE;14;C09;18625.5
SE15_C09;SE;15;C09;19207.4
SE16_C09;SE;16;C09;19677.5
SE17_C09;SE;17;C09;20024.6
SE18_C09;SE;18;C09;19657.1
SE19_C09;SE;19;C09;19485.2
SE20_C09;SE;20;C09;17618.6
SE21_C09;SE;21;C09;19924.5
SE22_C09;SE;22;C09;22823.7
SE23_C09;SE;23;C09;22776.9
EU10_C10;EU;10;C10;55420.5
EU11_C10;EU;11;C10;57199.3
EU12_C10;EU;12;C10;58700.8
EU13_C10;EU;13;C10;59696.5
EU14_C10;EU;14;C10;60418.3
EU15_C10;EU;15;C10;61832.7
EU16_C10;EU;16;C10;63841.6
EU17_C10;EU;17;C10;66000.7
EU18_C10;EU;18;C10;67849.8
EU19_C10;EU;19;C10;70198.4
EU20_C10;EU;20;C10;65882.2
EU21_C10;EU;21;C10;67245.3
EU22_C10;EU;22;C10;72437.1
EU23_C10;EU;23;C10;76132.2
BE10_C10;BE;10;C10;712.9
BE11_C10;BE;11;C10;721.9
BE12_C10;BE;12;C10;731.3
BE13_C10;BE;13;C10;768.0
BE14_C10;BE;14;C10;755.1
BE15_C10;BE;15;C10;806.8
BE16_C10;BE;16;C10;795.6
BE17_C10;BE;17;C10;774.1
BE18_C10;BE;18;C10;851.7
BE19_C10;BE;19;C10;878.4
BE20_C10;BE;20;C10;715.0
BE21_C10;BE;21;C10;800.9
BE22_C10;BE;22;C10;922.8
BE23_C10;BE;23;C10;946.2
BG10_C10;BG;10;C10;221.0
BG11_C10;BG;11;C10;247.6
BG12_C10;BG;12;C10;259.4
BG13_C10;BG;13;C10;244.7
BG14_C10;BG;14;C10;274.8
BG15_C10;BG;15;C10;298.1
BG16_C10;BG;16;C10;342.3
BG17_C10;BG;17;C10;369.3
BG18_C10;BG;18;C10;436.0
BG19_C10;BG;19;C10;407.3
BG20_C10;BG;20;C10;453.3
BG21_C10;BG;21;C10;630.0
BG22_C10;BG;22;C10;682.2
BG23_C10;BG;23;C10;654.2
CZ10_C10;CZ;10;C10;525.9
CZ11_C10;CZ;11;C10;541.6
CZ12_C10;CZ;12;C10;490.3
CZ13_C10;CZ;13;C10;447.4
CZ14_C10;CZ;14;C10;419.4
CZ15_C10;CZ;15;C10;426.0
CZ16_C10;CZ;16;C10;444.7
CZ17_C10;CZ;17;C10;451.0
CZ18_C10;CZ;18;C10;476.1
CZ19_C10;CZ;19;C10;553.4
CZ20_C10;CZ;20;C10;486.1
CZ21_C10;CZ;21;C10;523.0
CZ22_C10;CZ;22;C10;684.1
CZ23_C10;CZ;23;C10;792.7
DK10_C10;DK;10;C10;884.3
DK11_C10;DK;11;C10;838.8
DK12_C10;DK;12;C10;882.6
DK13_C10;DK;13;C10;933.5
DK14_C10;DK;14;C10;847.8
DK15_C10;DK;15;C10;918.0
DK16_C10;DK;16;C10;1009.1
DK17_C10;DK;17;C10;1083.6
DK18_C10;DK;18;C10;1130.5
DK19_C10;DK;19;C10;1149.5
DK20_C10;DK;20;C10;1005.5
DK21_C10;DK;21;C10;1073.3
DK22_C10;DK;22;C10;1190.8
DK23_C10;DK;23;C10;1221.1
DE10_C10;DE;10;C10;9827.0
DE11_C10;DE;11;C10;10208.0
DE12_C10;DE;12;C10;10690.0
DE13_C10;DE;13;C10;11159.0
DE14_C10;DE;14;C10;11597.0
DE15_C10;DE;15;C10;12195.0
DE16_C10;DE;16;C10;13100.0
DE17_C10;DE;17;C10;13780.0
DE18_C10;DE;18;C10;14292.0
DE19_C10;DE;19;C10;14866.0
DE20_C10;DE;20;C10;13543.0
DE21_C10;DE;21;C10;14411.0
DE22_C10;DE;22;C10;16587.0
DE23_C10;DE;23;C10;17177.0
EE10_C10;EE;10;C10;65.0
EE11_C10;EE;11;C10;63.7
EE12_C10;EE;12;C10;65.2
EE13_C10;EE;13;C10;67.1
EE14_C10;EE;14;C10;60.6
EE15_C10;EE;15;C10;58.8
EE16_C10;EE;16;C10;57.8
EE17_C10;EE;17;C10;64.0
EE18_C10;EE;18;C10;66.1
EE19_C10;EE;19;C10;70.6
EE20_C10;EE;20;C10;53.7
EE21_C10;EE;21;C10;69.7
EE22_C10;EE;22;C10;90.0
EE23_C10;EE;23;C10;96.8
IE10_C10;IE;10;C10;1306.3
IE11_C10;IE;11;C10;1316.9
IE12_C10;IE;12;C10;1336.7
IE13_C10;IE;13;C10;1404.2
IE14_C10;IE;14;C10;1426.6
IE15_C10;IE;15;C10;1457.1
IE16_C10;IE;16;C10;1584.1
IE17_C10;IE;17;C10;1578.2
IE18_C10;IE;18;C10;1597.5
IE19_C10;IE;19;C10;1693.2
IE20_C10;IE;20;C10;1687.2
IE21_C10;IE;21;C10;1747.0
IE22_C10;IE;22;C10;1815.6
IE23_C10;IE;23;C10;1843.1
ES10_C10;ES;10;C10;8639.0
ES11_C10;ES;11;C10;9015.0
ES12_C10;ES;12;C10;9841.0
ES13_C10;ES;13;C10;10416.0
ES14_C10;ES;14;C10;10652.0
ES15_C10;ES;15;C10;10474.0
ES16_C10;ES;16;C10;10680.0
ES17_C10;ES;17;C10;10860.0
ES18_C10;ES;18;C10;10994.0
ES19_C10;ES;19;C10;11133.0
ES20_C10;ES;20;C10;10797.0
ES21_C10;ES;21;C10;9645.0
ES22_C10;ES;22;C10;9786.0
ES23_C10;ES;23;C10;10045.0
FR10_C10;FR;10;C10;6963.1
FR11_C10;FR;11;C10;7142.7
FR12_C10;FR;12;C10;7385.8
FR13_C10;FR;13;C10;7692.4
FR14_C10;FR;14;C10;7863.7
FR15_C10;FR;15;C10;8092.9
FR16_C10;FR;16;C10;8258.4
FR17_C10;FR;17;C10;8878.9
FR18_C10;FR;18;C10;8996.2
FR19_C10;FR;19;C10;9519.5
FR20_C10;FR;20;C10;9336.9
FR21_C10;FR;21;C10;9518.3
FR22_C10;FR;22;C10;9998.3
FR23_C10;FR;23;C10;10633.7
IT10_C10;IT;10;C10;10025.2
IT11_C10;IT;11;C10;10401.9
IT12_C10;IT;12;C10;10465.3
IT13_C10;IT;13;C10;10365.5
IT14_C10;IT;14;C10;10274.3
IT15_C10;IT;15;C10;10484.4
IT16_C10;IT;16;C10;10778.7
IT17_C10;IT;17;C10;10556.5
IT18_C10;IT;18;C10;10211.5
IT19_C10;IT;19;C10;10377.7
IT20_C10;IT;20;C10;9427.0
IT21_C10;IT;21;C10;9850.3
IT22_C10;IT;22;C10;10055.1
IT23_C10;IT;23;C10;10224.8
CY10_C10;CY;10;C10;364.2
CY11_C10;CY;11;C10;368.0
CY12_C10;CY;12;C10;383.7
CY13_C10;CY;13;C10;368.4
CY14_C10;CY;14;C10;373.5
CY15_C10;CY;15;C10;378.7
CY16_C10;CY;16;C10;386.5
CY17_C10;CY;17;C10;416.9
CY18_C10;CY;18;C10;458.1
CY19_C10;CY;19;C10;485.0
CY20_C10;CY;20;C10;508.4
CY21_C10;CY;21;C10;545.2
CY22_C10;CY;22;C10;572.7
CY23_C10;CY;23;C10;597.5
LV10_C10;LV;10;C10;218.7
LV11_C10;LV;11;C10;236.8
LV12_C10;LV;12;C10;233.7
LV13_C10;LV;13;C10;247.8
LV14_C10;LV;14;C10;248.8
LV15_C10;LV;15;C10;223.1
LV16_C10;LV;16;C10;260.6
LV17_C10;LV;17;C10;269.6
LV18_C10;LV;18;C10;304.1
LV19_C10;LV;19;C10;307.0
LV20_C10;LV;20;C10;304.2
LV21_C10;LV;21;C10;273.0
LV22_C10;LV;22;C10;310.8
LV23_C10;LV;23;C10;335.3
HU10_C10;HU;10;C10;759.2
HU11_C10;HU;11;C10;720.4
HU12_C10;HU;12;C10;758.9
HU13_C10;HU;13;C10;833.4
HU14_C10;HU;14;C10;893.7
HU15_C10;HU;15;C10;948.0
HU16_C10;HU;16;C10;1041.3
HU17_C10;HU;17;C10;1132.7
HU18_C10;HU;18;C10;1243.6
HU19_C10;HU;19;C10;1389.6
HU20_C10;HU;20;C10;1216.7
HU21_C10;HU;21;C10;1272.7
HU22_C10;HU;22;C10;1354.9
HU23_C10;HU;23;C10;1480.1
MT10_C10;MT;10;C10;67.7
MT11_C10;MT;11;C10;73.3
MT12_C10;MT;12;C10;78.5
MT13_C10;MT;13;C10;84.8
MT14_C10;MT;14;C10;93.6
MT15_C10;MT;15;C10;102.1
MT16_C10;MT;16;C10;104.0
MT17_C10;MT;17;C10;104.1
MT18_C10;MT;18;C10;114.0
MT19_C10;MT;19;C10;119.4
MT20_C10;MT;20;C10;105.4
MT21_C10;MT;21;C10;125.6
MT22_C10;MT;22;C10;155.9
MT23_C10;MT;23;C10;182.4
NL10_C10;NL;10;C10;1903.0
NL11_C10;NL;11;C10;2099.0
NL12_C10;NL;12;C10;2292.0
NL13_C10;NL;13;C10;2435.0
NL14_C10;NL;14;C10;2559.0
NL15_C10;NL;15;C10;2736.0
NL16_C10;NL;16;C10;2887.0
NL17_C10;NL;17;C10;3142.0
NL18_C10;NL;18;C10;3301.0
NL19_C10;NL;19;C10;3422.0
NL20_C10;NL;20;C10;3525.0
NL21_C10;NL;21;C10;3635.0
NL22_C10;NL;22;C10;3723.0
NL23_C10;NL;23;C10;4426.0
AT10_C10;AT;10;C10;1353.2
AT11_C10;AT;11;C10;1388.7
AT12_C10;AT;12;C10;1432.5
AT13_C10;AT;13;C10;1407.6
AT14_C10;AT;14;C10;1473.0
AT15_C10;AT;15;C10;1587.6
AT16_C10;AT;16;C10;1586.8
AT17_C10;AT;17;C10;1668.4
AT18_C10;AT;18;C10;1830.7
AT19_C10;AT;19;C10;1954.9
AT20_C10;AT;20;C10;1681.7
AT21_C10;AT;21;C10;1732.3
AT22_C10;AT;22;C10;1866.9
AT23_C10;AT;23;C10;2029.0
PT10_C10;PT;10;C10;2071.9
PT11_C10;PT;11;C10;2168.4
PT12_C10;PT;12;C10;2007.2
PT13_C10;PT;13;C10;1909.2
PT14_C10;PT;14;C10;1908.0
PT15_C10;PT;15;C10;1880.7
PT16_C10;PT;16;C10;1943.2
PT17_C10;PT;17;C10;2000.7
PT18_C10;PT;18;C10;2141.6
PT19_C10;PT;19;C10;2186.2
PT20_C10;PT;20;C10;1951.2
PT21_C10;PT;21;C10;1803.3
PT22_C10;PT;22;C10;2104.2
PT23_C10;PT;23;C10;2248.8025958248063
SI10_C10;SI;10;C10;251.1
SI11_C10;SI;11;C10;259.4
SI12_C10;SI;12;C10;277.0
SI13_C10;SI;13;C10;278.5
SI14_C10;SI;14;C10;282.2
SI15_C10;SI;15;C10;282.6
SI16_C10;SI;16;C10;287.6
SI17_C10;SI;17;C10;290.1
SI18_C10;SI;18;C10;311.5
SI19_C10;SI;19;C10;331.8
SI20_C10;SI;20;C10;280.4
SI21_C10;SI;21;C10;332.6
SI22_C10;SI;22;C10;352.9
SI23_C10;SI;23;C10;368.3
SE10_C10;SE;10;C10;545.6
SE11_C10;SE;11;C10;588.2
SE12_C10;SE;12;C10;637.3
SE13_C10;SE;13;C10;659.7
SE14_C10;SE;14;C10;651.8
SE15_C10;SE;15;C10;663.9
SE16_C10;SE;16;C10;701.5
SE17_C10;SE;17;C10;728.7
SE18_C10;SE;18;C10;712.9
SE19_C10;SE;19;C10;718.4
SE20_C10;SE;20;C10;748.1
SE21_C10;SE;21;C10;820.6
SE22_C10;SE;22;C10;795.2
SE23_C10;SE;23;C10;764.9
EU10_C11;EU;10;C11;476496.1
EU11_C11;EU;11;C11;488044.0
EU12_C11;EU;12;C11;494635.9
EU13_C11;EU;13;C11;497542.7
EU14_C11;EU;14;C11;515978.3
EU15_C11;EU;15;C11;539428.7
EU16_C11;EU;16;C11;565639.0
EU17_C11;EU;17;C11;604307.3
EU18_C11;EU;18;C11;632325.2
EU19_C11;EU;19;C11;663758.0
EU20_C11;EU;20;C11;408645.3
EU21_C11;EU;21;C11;495733.9
EU22_C11;EU;22;C11;720192.7
EU23_C11;EU;23;C11;810496.5
BE10_C11;BE;10;C11;9642.7
BE11_C11;BE;11;C11;10314.2
BE12_C11;BE;12;C11;10686.0
BE13_C11;BE;13;C11;11121.4
BE14_C11;BE;14;C11;11773.7
BE15_C11;BE;15;C11;12334.1
BE16_C11;BE;16;C11;13132.0
BE17_C11;BE;17;C11;13783.6
BE18_C11;BE;18;C11;14467.3
BE19_C11;BE;19;C11;15149.2
BE20_C11;BE;20;C11;9842.5
BE21_C11;BE;21;C11;12071.0
BE22_C11;BE;22;C11;16834.1
BE23_C11;BE;23;C11;18596.5
BG10_C11;BG;10;C11;1575.9
BG11_C11;BG;11;C11;1845.8
BG12_C11;BG;12;C11;2117.2
BG13_C11;BG;13;C11;1951.9
BG14_C11;BG;14;C11;2073.2
BG15_C11;BG;15;C11;2121.0
BG16_C11;BG;16;C11;2059.2
BG17_C11;BG;17;C11;2294.9
BG18_C11;BG;18;C11;2474.8
BG19_C11;BG;19;C11;2641.7
BG20_C11;BG;20;C11;1767.5
BG21_C11;BG;21;C11;2194.5
BG22_C11;BG;22;C11;3485.3
BG23_C11;BG;23;C11;3994.7
CZ10_C11;CZ;10;C11;6484.6
CZ11_C11;CZ;11;C11;6938.7
CZ12_C11;CZ;12;C11;6799.2
CZ13_C11;CZ;13;C11;6730.6
CZ14_C11;CZ;14;C11;6508.8
CZ15_C11;CZ;15;C11;6917.7
CZ16_C11;CZ;16;C11;7465.7
CZ17_C11;CZ;17;C11;8441.3
CZ18_C11;CZ;18;C11;9000.0
CZ19_C11;CZ;19;C11;9707.7
CZ20_C11;CZ;20;C11;5647.4
CZ21_C11;CZ;21;C11;6114.9
CZ22_C11;CZ;22;C11;9108.3
CZ23_C11;CZ;23;C11;11878.7
DK10_C11;DK;10;C11;6017.5
DK11_C11;DK;11;C11;6368.0
DK12_C11;DK;12;C11;6553.6
DK13_C11;DK;13;C11;6900.3
DK14_C11;DK;14;C11;6754.0
DK15_C11;DK;15;C11;6831.1
DK16_C11;DK;16;C11;7499.0
DK17_C11;DK;17;C11;7955.9
DK18_C11;DK;18;C11;8597.4
DK19_C11;DK;19;C11;8953.7
DK20_C11;DK;20;C11;6065.2
DK21_C11;DK;21;C11;7222.0
DK22_C11;DK;22;C11;9955.2
DK23_C11;DK;23;C11;10076.9
DE10_C11;DE;10;C11;73210.0
DE11_C11;DE;11;C11;76346.0
DE12_C11;DE;12;C11;79860.0
DE13_C11;DE;13;C11;81960.0
DE14_C11;DE;14;C11;87626.0
DE15_C11;DE;15;C11;91500.0
DE16_C11;DE;16;C11;96322.0
DE17_C11;DE;17;C11;100588.0
DE18_C11;DE;18;C11;106091.0
DE19_C11;DE;19;C11;112832.0
DE20_C11;DE;20;C11;65755.0
DE21_C11;DE;21;C11;72707.0
DE22_C11;DE;22;C11;119292.0
DE23_C11;DE;23;C11;129381.0
EE10_C11;EE;10;C11;507.1
EE11_C11;EE;11;C11;596.0
EE12_C11;EE;12;C11;667.3
EE13_C11;EE;13;C11;737.7
EE14_C11;EE;14;C11;796.6
EE15_C11;EE;15;C11;828.2
EE16_C11;EE;16;C11;897.9
EE17_C11;EE;17;C11;975.4
EE18_C11;EE;18;C11;1051.8
EE19_C11;EE;19;C11;1124.3
EE20_C11;EE;20;C11;742.1
EE21_C11;EE;21;C11;825.2
EE22_C11;EE;22;C11;1290.2
EE23_C11;EE;23;C11;1483.6
IE10_C11;IE;10;C11;11293.9
IE11_C11;IE;11;C11;10936.0
IE12_C11;IE;12;C11;10944.3
IE13_C11;IE;13;C11;11727.6
IE14_C11;IE;14;C11;12458.1
IE15_C11;IE;15;C11;12279.4
IE16_C11;IE;16;C11;14078.9
IE17_C11;IE;17;C11;14325.7
IE18_C11;IE;18;C11;15152.6
IE19_C11;IE;19;C11;15963.7
IE20_C11;IE;20;C11;9729.0
IE21_C11;IE;21;C11;13639.5
IE22_C11;IE;22;C11;19278.6
IE23_C11;IE;23;C11;21994.5
ES10_C11;ES;10;C11;91908.0
ES11_C11;ES;11;C11;91544.0
ES12_C11;ES;12;C11;88726.0
ES13_C11;ES;13;C11;83417.0
ES14_C11;ES;14;C11;85119.0
ES15_C11;ES;15;C11;90428.0
ES16_C11;ES;16;C11;96090.0
ES17_C11;ES;17;C11;104968.0
ES18_C11;ES;18;C11;107105.0
ES19_C11;ES;19;C11;110603.0
ES20_C11;ES;20;C11;58721.0
ES21_C11;ES;21;C11;82494.0
ES22_C11;ES;22;C11;117662.0
ES23_C11;ES;23;C11;135456.0
FR10_C11;FR;10;C11;68235.8
FR11_C11;FR;11;C11;70564.8
FR12_C11;FR;12;C11;72024.4
FR13_C11;FR;13;C11;72691.0
FR14_C11;FR;14;C11;75877.6
FR15_C11;FR;15;C11;77481.4
FR16_C11;FR;16;C11;80171.7
FR17_C11;FR;17;C11;84796.2
FR18_C11;FR;18;C11;90251.6
FR19_C11;FR;19;C11;95829.9
FR20_C11;FR;20;C11;67368.8
FR21_C11;FR;21;C11;78791.8
FR22_C11;FR;22;C11;114367.0
FR23_C11;FR;23;C11;124122.5
IT10_C11;IT;10;C11;93075.3
IT11_C11;IT;11;C11;95609.5
IT12_C11;IT;12;C11;96036.2
IT13_C11;IT;13;C11;96182.8
IT14_C11;IT;14;C11;98265.2
IT15_C11;IT;15;C11;102051.5
IT16_C11;IT;16;C11;104530.5
IT17_C11;IT;17;C11;109378.3
IT18_C11;IT;18;C11;111341.9
IT19_C11;IT;19;C11;113715.5
IT20_C11;IT;20;C11;67280.4
IT21_C11;IT;21;C11;83388.7
IT22_C11;IT;22;C11;110641.2
IT23_C11;IT;23;C11;126310.3
CY10_C11;CY;10;C11;1629.1
CY11_C11;CY;11;C11;1769.9
CY12_C11;CY;12;C11;1845.1
CY13_C11;CY;13;C11;1822.6
CY14_C11;CY;14;C11;1883.0
CY15_C11;CY;15;C11;1968.1
CY16_C11;CY;16;C11;2180.6
CY17_C11;CY;17;C11;2404.7
CY18_C11;CY;18;C11;2592.9
CY19_C11;CY;19;C11;2699.2
CY20_C11;CY;20;C11;1246.3
CY21_C11;CY;21;C11;2188.8
CY22_C11;CY;22;C11;2916.3
CY23_C11;CY;23;C11;3334.9
LV10_C11;LV;10;C11;602.6
LV11_C11;LV;11;C11;651.7
LV12_C11;LV;12;C11;689.6
LV13_C11;LV;13;C11;776.9
LV14_C11;LV;14;C11;764.8
LV15_C11;LV;15;C11;917.5
LV16_C11;LV;16;C11;1014.8
LV17_C11;LV;17;C11;1088.6
LV18_C11;LV;18;C11;1156.5
LV19_C11;LV;19;C11;1160.0
LV20_C11;LV;20;C11;808.0
LV21_C11;LV;21;C11;848.5
LV22_C11;LV;22;C11;1400.7
LV23_C11;LV;23;C11;1646.1
HU10_C11;HU;10;C11;3574.0
HU11_C11;HU;11;C11;3517.8
HU12_C11;HU;12;C11;3658.8
HU13_C11;HU;13;C11;3775.2
HU14_C11;HU;14;C11;4035.6
HU15_C11;HU;15;C11;4504.6
HU16_C11;HU;16;C11;5008.8
HU17_C11;HU;17;C11;5510.6
HU18_C11;HU;18;C11;6052.0
HU19_C11;HU;19;C11;6660.9
HU20_C11;HU;20;C11;4242.7
HU21_C11;HU;21;C11;5294.1
HU22_C11;HU;22;C11;7696.2
HU23_C11;HU;23;C11;9597.7
MT10_C11;MT;10;C11;752.5
MT11_C11;MT;11;C11;833.2
MT12_C11;MT;12;C11;885.5
MT13_C11;MT;13;C11;982.1
MT14_C11;MT;14;C11;1054.1
MT15_C11;MT;15;C11;1148.8
MT16_C11;MT;16;C11;1208.2
MT17_C11;MT;17;C11;1401.5
MT18_C11;MT;18;C11;1614.1
MT19_C11;MT;19;C11;1630.9
MT20_C11;MT;20;C11;701.2
MT21_C11;MT;21;C11;957.4
MT22_C11;MT;22;C11;1790.7
MT23_C11;MT;23;C11;2264.9
NL10_C11;NL;10;C11;19489.0
NL11_C11;NL;11;C11;20419.0
NL12_C11;NL;12;C11;20628.0
NL13_C11;NL;13;C11;20979.0
NL14_C11;NL;14;C11;22142.0
NL15_C11;NL;15;C11;23660.0
NL16_C11;NL;16;C11;25240.0
NL17_C11;NL;17;C11;27405.0
NL18_C11;NL;18;C11;29373.0
NL19_C11;NL;19;C11;31355.0
NL20_C11;NL;20;C11;20921.0
NL21_C11;NL;21;C11;23757.0
NL22_C11;NL;22;C11;36056.0
NL23_C11;NL;23;C11;40496.0
AT10_C11;AT;10;C11;18068.2
AT11_C11;AT;11;C11;18989.7
AT12_C11;AT;12;C11;19894.0
AT13_C11;AT;13;C11;20283.6
AT14_C11;AT;14;C11;20730.4
AT15_C11;AT;15;C11;21928.6
AT16_C11;AT;16;C11;23083.5
AT17_C11;AT;17;C11;24243.9
AT18_C11;AT;18;C11;24945.6
AT19_C11;AT;19;C11;25991.0
AT20_C11;AT;20;C11;18196.2
AT21_C11;AT;21;C11;16856.4
AT22_C11;AT;22;C11;27788.9
AT23_C11;AT;23;C11;31890.0
PT10_C11;PT;10;C11;12657.6
PT11_C11;PT;11;C11;12547.5
PT12_C11;PT;12;C11;12543.3
PT13_C11;PT;13;C11;12456.1
PT14_C11;PT;14;C11;13320.5
PT15_C11;PT;15;C11;14186.5
PT16_C11;PT;16;C11;15370.0
PT17_C11;PT;17;C11;17148.4
PT18_C11;PT;18;C11;18758.2
PT19_C11;PT;19;C11;20278.7
PT20_C11;PT;20;C11;12187.0
PT21_C11;PT;21;C11;15336.3
PT22_C11;PT;22;C11;24101.1
PT23_C11;PT;23;C11;25757.350176900123
SI10_C11;SI;10;C11;1384.0
SI11_C11;SI;11;C11;1376.2
SI12_C11;SI;12;C11;1409.3
SI13_C11;SI;13;C11;1382.2
SI14_C11;SI;14;C11;1439.6
SI15_C11;SI;15;C11;1468.0
SI16_C11;SI;16;C11;1600.0
SI17_C11;SI;17;C11;1701.7
SI18_C11;SI;18;C11;1835.6
SI19_C11;SI;19;C11;2046.9
SI20_C11;SI;20;C11;1356.2
SI21_C11;SI;21;C11;1710.5
SI22_C11;SI;22;C11;2459.9
SI23_C11;SI;23;C11;2737.1
SE10_C11;SE;10;C11;10916.0
SE11_C11;SE;11;C11;12227.7
SE12_C11;SE;12;C11;12888.1
SE13_C11;SE;13;C11;13697.9
SE14_C11;SE;14;C11;13992.2
SE15_C11;SE;15;C11;14591.5
SE16_C11;SE;16;C11;15435.0
SE17_C11;SE;17;C11;16497.3
SE18_C11;SE;18;C11;15913.2
SE19_C11;SE;19;C11;15745.9
SE20_C11;SE;20;C11;13619.2
SE21_C11;SE;21;C11;15310.3
SE22_C11;SE;22;C11;19216.2
SE23_C11;SE;23;C11;18930.7
EU10_C12;EU;10;C12;319758.7
EU11_C12;EU;11;C12;329011.7
EU12_C12;EU;12;C12;315727.1
EU13_C12;EU;13;C12;318405.9
EU14_C12;EU;14;C12;327683.8
EU15_C12;EU;15;C12;337923.2
EU16_C12;EU;16;C12;343104.4
EU17_C12;EU;17;C12;354250.5
EU18_C12;EU;18;C12;373817.4
EU19_C12;EU;19;C12;375659.4
EU20_C12;EU;20;C12;379408.9
EU21_C12;EU;21;C12;399370.6
EU22_C12;EU;22;C12;449735.2
EU23_C12;EU;23;C12;565603.2
BE10_C12;BE;10;C12;13636.7
BE11_C12;BE;11;C12;12731.3
BE12_C12;BE;12;C12;12418.3
BE13_C12;BE;13;C12;12169.3
BE14_C12;BE;14;C12;13133.4
BE15_C12;BE;15;C12;14429.7
BE16_C12;BE;16;C12;14421.1
BE17_C12;BE;17;C12;15868.0
BE18_C12;BE;18;C12;16679.7
BE19_C12;BE;19;C12;16413.5
BE20_C12;BE;20;C12;16406.0
BE21_C12;BE;21;C12;18131.2
BE22_C12;BE;22;C12;24308.6
BE23_C12;BE;23;C12;28431.0
BG10_C12;BG;10;C12;354.1
BG11_C12;BG;11;C12;436.2
BG12_C12;BG;12;C12;353.8
BG13_C12;BG;13;C12;355.5
BG14_C12;BG;14;C12;560.0
BG15_C12;BG;15;C12;650.7
BG16_C12;BG;16;C12;848.9
BG17_C12;BG;17;C12;919.5
BG18_C12;BG;18;C12;1062.2
BG19_C12;BG;19;C12;963.8
BG20_C12;BG;20;C12;893.4
BG21_C12;BG;21;C12;957.7
BG22_C12;BG;22;C12;1100.6
BG23_C12;BG;23;C12;1321.7
CZ10_C12;CZ;10;C12;3228.3
CZ11_C12;CZ;11;C12;3183.4
CZ12_C12;CZ;12;C12;3043.7
CZ13_C12;CZ;13;C12;3052.8
CZ14_C12;CZ;14;C12;2776.5
CZ15_C12;CZ;15;C12;2988.8
CZ16_C12;CZ;16;C12;2947.3
CZ17_C12;CZ;17;C12;3137.2
CZ18_C12;CZ;18;C12;3514.3
CZ19_C12;CZ;19;C12;3769.7
CZ20_C12;CZ;20;C12;3730.1
CZ21_C12;CZ;21;C12;4302.8
CZ22_C12;CZ;22;C12;4081.1
CZ23_C12;CZ;23;C12;5677.8
DK10_C12;DK;10;C12;8438.6
DK11_C12;DK;11;C12;8603.5
DK12_C12;DK;12;C12;8314.9
DK13_C12;DK;13;C12;8039.6
DK14_C12;DK;14;C12;8569.0
DK15_C12;DK;15;C12;8828.9
DK16_C12;DK;16;C12;8882.6
DK17_C12;DK;17;C12;9473.0
DK18_C12;DK;18;C12;9351.4
DK19_C12;DK;19;C12;9588.5
DK20_C12;DK;20;C12;9414.9
DK21_C12;DK;21;C12;10438.8
DK22_C12;DK;22;C12;11108.2
DK23_C12;DK;23;C12;13290.3
DE10_C12;DE;10;C12;87454.0
DE11_C12;DE;11;C12;88564.0
DE12_C12;DE;12;C12;89040.0
DE13_C12;DE;13;C12;90298.0
DE14_C12;DE;14;C12;90602.0
DE15_C12;DE;15;C12;94082.0
DE16_C12;DE;16;C12;92747.0
DE17_C12;DE;17;C12;92354.0
DE18_C12;DE;18;C12;95347.0
DE19_C12;DE;19;C12;95084.0
DE20_C12;DE;20;C12;93822.0
DE21_C12;DE;21;C12;100494.0
DE22_C12;DE;22;C12;103278.0
DE23_C12;DE;23;C12;115522.0
EE10_C12;EE;10;C12;274.6
EE11_C12;EE;11;C12;288.7
EE12_C12;EE;12;C12;292.2
EE13_C12;EE;13;C12;303.2
EE14_C12;EE;14;C12;297.6
EE15_C12;EE;15;C12;345.7
EE16_C12;EE;16;C12;353.9
EE17_C12;EE;17;C12;417.9
EE18_C12;EE;18;C12;500.3
EE19_C12;EE;19;C12;552.6
EE20_C12;EE;20;C12;565.1
EE21_C12;EE;21;C12;535.4
EE22_C12;EE;22;C12;544.9
EE23_C12;EE;23;C12;550.1
IE10_C12;IE;10;C12;2580.0
IE11_C12;IE;11;C12;2195.7
IE12_C12;IE;12;C12;1710.0
IE13_C12;IE;13;C12;2806.7
IE14_C12;IE;14;C12;3019.5
IE15_C12;IE;15;C12;2908.7
IE16_C12;IE;16;C12;2643.7
IE17_C12;IE;17;C12;3423.7
IE18_C12;IE;18;C12;3647.0
IE19_C12;IE;19;C12;3551.6
IE20_C12;IE;20;C12;4580.3
IE21_C12;IE;21;C12;5528.7
IE22_C12;IE;22;C12;5151.3
IE23_C12;IE;23;C12;9150.2
ES10_C12;ES;10;C12;23071.0
ES11_C12;ES;11;C12;22275.0
ES12_C12;ES;12;C12;22843.0
ES13_C12;ES;13;C12;20562.0
ES14_C12;ES;14;C12;23683.0
ES15_C12;ES;15;C12;25069.0
ES16_C12;ES;16;C12;28305.0
ES17_C12;ES;17;C12;29835.0
ES18_C12;ES;18;C12;33037.0
ES19_C12;ES;19;C12;34602.0
ES20_C12;ES;20;C12;35784.0
ES21_C12;ES;21;C12;34558.0
ES22_C12;ES;22;C12;41506.0
ES23_C12;ES;23;C12;61332.0
FR10_C12;FR;10;C12;63859.8
FR11_C12;FR;11;C12;64975.1
FR12_C12;FR;12;C12;62485.2
FR13_C12;FR;13;C12;64864.4
FR14_C12;FR;14;C12;63953.5
FR15_C12;FR;15;C12;69176.1
FR16_C12;FR;16;C12;69529.1
FR17_C12;FR;17;C12;71884.3
FR18_C12;FR;18;C12;76427.7
FR19_C12;FR;19;C12;74995.4
FR20_C12;FR;20;C12;76660.1
FR21_C12;FR;21;C12;77880.4
FR22_C12;FR;22;C12;85174.9
FR23_C12;FR;23;C12;118241.0
IT10_C12;IT;10;C12;36459.4
IT11_C12;IT;11;C12;39771.0
IT12_C12;IT;12;C12;35215.4
IT13_C12;IT;13;C12;37006.7
IT14_C12;IT;14;C12;39644.2
IT15_C12;IT;15;C12;39257.2
IT16_C12;IT;16;C12;40381.8
IT17_C12;IT;17;C12;40698.2
IT18_C12;IT;18;C12;42381.7
IT19_C12;IT;19;C12;43125.8
IT20_C12;IT;20;C12;43807.5
IT21_C12;IT;21;C12;42409.7
IT22_C12;IT;22;C12;51651.1
IT23_C12;IT;23;C12;66877.3
CY10_C12;CY;10;C12;467.1
CY11_C12;CY;11;C12;525.4
CY12_C12;CY;12;C12;490.9
CY13_C12;CY;13;C12;560.0
CY14_C12;CY;14;C12;594.7
CY15_C12;CY;15;C12;602.8
CY16_C12;CY;16;C12;618.5
CY17_C12;CY;17;C12;595.1
CY18_C12;CY;18;C12;667.5
CY19_C12;CY;19;C12;711.6
CY20_C12;CY;20;C12;744.4
CY21_C12;CY;21;C12;731.8
CY22_C12;CY;22;C12;895.2
CY23_C12;CY;23;C12;1179.9
LV10_C12;LV;10;C12;233.4
LV11_C12;LV;11;C12;251.0
LV12_C12;LV;12;C12;360.8
LV13_C12;LV;13;C12;432.2
LV14_C12;LV;14;C12;397.0
LV15_C12;LV;15;C12;384.2
LV16_C12;LV;16;C12;438.6
LV17_C12;LV;17;C12;493.6
LV18_C12;LV;18;C12;474.8
LV19_C12;LV;19;C12;486.6
LV20_C12;LV;20;C12;484.2
LV21_C12;LV;21;C12;552.0
LV22_C12;LV;22;C12;678.4
LV23_C12;LV;23;C12;993.8
HU10_C12;HU;10;C12;2799.4
HU11_C12;HU;11;C12;2881.3
HU12_C12;HU;12;C12;2860.2
HU13_C12;HU;13;C12;2866.3
HU14_C12;HU;14;C12;2575.1
HU15_C12;HU;15;C12;2555.7
HU16_C12;HU;16;C12;2601.1
HU17_C12;HU;17;C12;2849.0
HU18_C12;HU;18;C12;2900.9
HU19_C12;HU;19;C12;3265.0
HU20_C12;HU;20;C12;3429.4
HU21_C12;HU;21;C12;3796.0
HU22_C12;HU;22;C12;4671.6
HU23_C12;HU;23;C12;6059.6
MT10_C12;MT;10;C12;89.0
MT11_C12;MT;11;C12;122.1
MT12_C12;MT;12;C12;142.6
MT13_C12;MT;13;C12;182.0
MT14_C12;MT;14;C12;161.5
MT15_C12;MT;15;C12;177.5
MT16_C12;MT;16;C12;163.4
MT17_C12;MT;17;C12;161.1
MT18_C12;MT;18;C12;241.7
MT19_C12;MT;19;C12;367.1
MT20_C12;MT;20;C12;318.5
MT21_C12;MT;21;C12;367.0
MT22_C12;MT;22;C12;346.0
MT23_C12;MT;23;C12;821.2
NL10_C12;NL;10;C12;22060.0
NL11_C12;NL;11;C12;24316.0
NL12_C12;NL;12;C12;20162.0
NL13_C12;NL;13;C12;19926.0
NL14_C12;NL;14;C12;20617.0
NL15_C12;NL;15;C12;19648.0
NL16_C12;NL;16;C12;20954.0
NL17_C12;NL;17;C12;23226.0
NL18_C12;NL;18;C12;25105.0
NL19_C12;NL;19;C12;24769.0
NL20_C12;NL;20;C12;25452.0
NL21_C12;NL;21;C12;31077.0
NL22_C12;NL;22;C12;33645.0
NL23_C12;NL;23;C12;38527.0
AT10_C12;AT;10;C12;7358.1
AT11_C12;AT;11;C12;7586.6
AT12_C12;AT;12;C12;7232.4
AT13_C12;AT;13;C12;7361.3
AT14_C12;AT;14;C12;7926.4
AT15_C12;AT;15;C12;8073.5
AT16_C12;AT;16;C12;8245.3
AT17_C12;AT;17;C12;8092.1
AT18_C12;AT;18;C12;8362.7
AT19_C12;AT;19;C12;8625.9
AT20_C12;AT;20;C12;8000.0
AT21_C12;AT;21;C12;8363.1
AT22_C12;AT;22;C12;8675.1
AT23_C12;AT;23;C12;11465.0
PT10_C12;PT;10;C12;6962.0
PT11_C12;PT;11;C12;6629.7
PT12_C12;PT;12;C12;5808.1
PT13_C12;PT;13;C12;5646.2
PT14_C12;PT;14;C12;5203.1
PT15_C12;PT;15;C12;4799.0
PT16_C12;PT;16;C12;5051.6
PT17_C12;PT;17;C12;5195.6
PT18_C12;PT;18;C12;5546.1
PT19_C12;PT;19;C12;5716.6
PT20_C12;PT;20;C12;5997.1
PT21_C12;PT;21;C12;6132.0
PT22_C12;PT;22;C12;7019.6
PT23_C12;PT;23;C12;7501.993489997059
SI10_C12;SI;10;C12;1041.3
SI11_C12;SI;11;C12;1138.0
SI12_C12;SI;12;C12;1064.3
SI13_C12;SI;13;C12;1053.1
SI14_C12;SI;14;C12;1021.5
SI15_C12;SI;15;C12;1086.3
SI16_C12;SI;16;C12;1022.4
SI17_C12;SI;17;C12;1073.1
SI18_C12;SI;18;C12;1190.2
SI19_C12;SI;19;C12;1292.2
SI20_C12;SI;20;C12;1340.3
SI21_C12;SI;21;C12;1424.6
SI22_C12;SI;22;C12;1615.2
SI23_C12;SI;23;C12;2155.2
SE10_C12;SE;10;C12;8047.6
SE11_C12;SE;11;C12;9010.4
SE12_C12;SE;12;C12;9244.1
SE13_C12;SE;13;C12;9745.6
SE14_C12;SE;14;C12;9803.3
SE15_C12;SE;15;C12;9704.1
SE16_C12;SE;16;C12;9461.6
SE17_C12;SE;17;C12;9339.0
SE18_C12;SE;18;C12;9188.0
SE19_C12;SE;19;C12;9376.2
SE20_C12;SE;20;C12;10319.1
SE21_C12;SE;21;C12;11523.5
SE22_C12;SE;22;C12;11917.0
SE23_C12;SE;23;C12;11971.0
EU10_C13;EU;10;C13;368939.3
EU11_C13;EU;11;C13;381865.5
EU12_C13;EU;12;C13;388436.9
EU13_C13;EU;13;C13;391906.3
EU14_C13;EU;14;C13;403511.4
EU15_C13;EU;15;C13;417179.6
EU16_C13;EU;16;C13;429780.4
EU17_C13;EU;17;C13;440387.5
EU18_C13;EU;18;C13;453469.1
EU19_C13;EU;19;C13;469364.3
EU20_C13;EU;20;C13;429462.7
EU21_C13;EU;21;C13;465702.7
EU22_C13;EU;22;C13;531942.6
EU23_C13;EU;23;C13;564205.8
BE10_C13;BE;10;C13;10383.8
BE11_C13;BE;11;C13;10858.5
BE12_C13;BE;12;C13;11342.3
BE13_C13;BE;13;C13;11870.0
BE14_C13;BE;14;C13;12254.7
BE15_C13;BE;15;C13;12499.9
BE16_C13;BE;16;C13;13077.9
BE17_C13;BE;17;C13;13632.1
BE18_C13;BE;18;C13;14083.2
BE19_C13;BE;19;C13;14609.8
BE20_C13;BE;20;C13;13367.4
BE21_C13;BE;21;C13;14620.3
BE22_C13;BE;22;C13;16380.2
BE23_C13;BE;23;C13;17328.8
BG10_C13;BG;10;C13;990.4
BG11_C13;BG;11;C13;938.1
BG12_C13;BG;12;C13;956.2
BG13_C13;BG;13;C13;1021.0
BG14_C13;BG;14;C13;1044.5
BG15_C13;BG;15;C13;1142.1
BG16_C13;BG;16;C13;1345.2
BG17_C13;BG;17;C13;1386.9
BG18_C13;BG;18;C13;1430.9
BG19_C13;BG;19;C13;1559.0
BG20_C13;BG;20;C13;1551.7
BG21_C13;BG;21;C13;1942.4
BG22_C13;BG;22;C13;2125.8
BG23_C13;BG;23;C13;2447.0
CZ10_C13;CZ;10;C13;3353.3
CZ11_C13;CZ;11;C13;3474.7
CZ12_C13;CZ;12;C13;3435.0
CZ13_C13;CZ;13;C13;3403.8
CZ14_C13;CZ;14;C13;3235.9
CZ15_C13;CZ;15;C13;3441.8
CZ16_C13;CZ;16;C13;3551.0
CZ17_C13;CZ;17;C13;3914.1
CZ18_C13;CZ;18;C13;4154.7
CZ19_C13;CZ;19;C13;4432.1
CZ20_C13;CZ;20;C13;3834.7
CZ21_C13;CZ;21;C13;4142.7
CZ22_C13;CZ;22;C13;5040.2
CZ23_C13;CZ;23;C13;5855.2
DK10_C13;DK;10;C13;5966.2
DK11_C13;DK;11;C13;6042.2
DK12_C13;DK;12;C13;6186.8
DK13_C13;DK;13;C13;6211.4
DK14_C13;DK;14;C13;6059.7
DK15_C13;DK;15;C13;6203.9
DK16_C13;DK;16;C13;6508.6
DK17_C13;DK;17;C13;6760.8
DK18_C13;DK;18;C13;7077.0
DK19_C13;DK;19;C13;7262.3
DK20_C13;DK;20;C13;7573.1
DK21_C13;DK;21;C13;7658.5
DK22_C13;DK;22;C13;8148.1
DK23_C13;DK;23;C13;8119.1
DE10_C13;DE;10;C13;98370.0
DE11_C13;DE;11;C13;102978.0
DE12_C13;DE;12;C13;105609.0
DE13_C13;DE;13;C13;108668.0
DE14_C13;DE;14;C13;114207.0
DE15_C13;DE;15;C13;119116.0
DE16_C13;DE;16;C13;122979.0
DE17_C13;DE;17;C13;124736.0
DE18_C13;DE;18;C13;127945.0
DE19_C13;DE;19;C13;134856.0
DE20_C13;DE;20;C13;123803.0
DE21_C13;DE;21;C13;130268.0
DE22_C13;DE;22;C13;158466.0
DE23_C13;DE;23;C13;167443.0
EE10_C13;EE;10;C13;325.6
EE11_C13;EE;11;C13;350.0
EE12_C13;EE;12;C13;389.8
EE13_C13;EE;13;C13;423.2
EE14_C13;EE;14;C13;458.2
EE15_C13;EE;15;C13;501.0
EE16_C13;EE;16;C13;545.1
EE17_C13;EE;17;C13;585.6
EE18_C13;EE;18;C13;644.9
EE19_C13;EE;19;C13;696.1
EE20_C13;EE;20;C13;722.7
EE21_C13;EE;21;C13;849.8
EE22_C13;EE;22;C13;963.3
EE23_C13;EE;23;C13;942.4
IE10_C13;IE;10;C13;3795.0
IE11_C13;IE;11;C13;3940.0
IE12_C13;IE;12;C13;3761.5
IE13_C13;IE;13;C13;3443.0
IE14_C13;IE;14;C13;3552.5
IE15_C13;IE;15;C13;4052.4
IE16_C13;IE;16;C13;4679.7
IE17_C13;IE;17;C13;4723.0
IE18_C13;IE;18;C13;4881.0
IE19_C13;IE;19;C13;4956.6
IE20_C13;IE;20;C13;4665.1
IE21_C13;IE;21;C13;5285.3
IE22_C13;IE;22;C13;6344.1
IE23_C13;IE;23;C13;6813.0
ES10_C13;ES;10;C13;34347.0
ES11_C13;ES;11;C13;34095.0
ES12_C13;ES;12;C13;33570.0
ES13_C13;ES;13;C13;32245.0
ES14_C13;ES;14;C13;33123.0
ES15_C13;ES;15;C13;33406.0
ES16_C13;ES;16;C13;34991.0
ES17_C13;ES;17;C13;36719.0
ES18_C13;ES;18;C13;37565.0
ES19_C13;ES;19;C13;38265.0
ES20_C13;ES;20;C13;32161.0
ES21_C13;ES;21;C13;35706.0
ES22_C13;ES;22;C13;40927.0
ES23_C13;ES;23;C13;43213.0
FR10_C13;FR;10;C13;68190.6
FR11_C13;FR;11;C13;70320.9
FR12_C13;FR;12;C13;72277.5
FR13_C13;FR;13;C13;73691.1
FR14_C13;FR;14;C13;75040.1
FR15_C13;FR;15;C13;76808.2
FR16_C13;FR;16;C13;77813.3
FR17_C13;FR;17;C13;77512.7
FR18_C13;FR;18;C13;79027.0
FR19_C13;FR;19;C13;80848.1
FR20_C13;FR;20;C13;72292.8
FR21_C13;FR;21;C13;78950.5
FR22_C13;FR;22;C13;86764.4
FR23_C13;FR;23;C13;92399.8
IT10_C13;IT;10;C13;58756.7
IT11_C13;IT;11;C13;61936.4
IT12_C13;IT;12;C13;61595.3
IT13_C13;IT;13;C13;59929.2
IT14_C13;IT;14;C13;60782.8
IT15_C13;IT;15;C13;62781.6
IT16_C13;IT;16;C13;63451.8
IT17_C13;IT;17;C13;65254.8
IT18_C13;IT;18;C13;65717.1
IT19_C13;IT;19;C13;65980.2
IT20_C13;IT;20;C13;60527.2
IT21_C13;IT;21;C13;67885.2
IT22_C13;IT;22;C13;74248.7
IT23_C13;IT;23;C13;77503.5
CY10_C13;CY;10;C13;693.6
CY11_C13;CY;11;C13;704.7
CY12_C13;CY;12;C13;681.1
CY13_C13;CY;13;C13;632.4
CY14_C13;CY;14;C13;630.4
CY15_C13;CY;15;C13;642.9
CY16_C13;CY;16;C13;683.7
CY17_C13;CY;17;C13;722.5
CY18_C13;CY;18;C13;738.8
CY19_C13;CY;19;C13;753.2
CY20_C13;CY;20;C13;639.6
CY21_C13;CY;21;C13;753.7
CY22_C13;CY;22;C13;877.8
CY23_C13;CY;23;C13;952.1
LV10_C13;LV;10;C13;427.3
LV11_C13;LV;11;C13;479.6
LV12_C13;LV;12;C13;544.6
LV13_C13;LV;13;C13;628.9
LV14_C13;LV;14;C13;656.4
LV15_C13;LV;15;C13;577.9
LV16_C13;LV;16;C13;578.7
LV17_C13;LV;17;C13;634.2
LV18_C13;LV;18;C13;653.0
LV19_C13;LV;19;C13;698.8
LV20_C13;LV;20;C13;656.5
LV21_C13;LV;21;C13;737.1
LV22_C13;LV;22;C13;887.8
LV23_C13;LV;23;C13;969.0
HU10_C13;HU;10;C13;2349.2
HU11_C13;HU;11;C13;2294.0
HU12_C13;HU;12;C13;2291.6
HU13_C13;HU;13;C13;2308.3
HU14_C13;HU;14;C13;2244.7
HU15_C13;HU;15;C13;2347.7
HU16_C13;HU;16;C13;2541.9
HU17_C13;HU;17;C13;2716.2
HU18_C13;HU;18;C13;2809.2
HU19_C13;HU;19;C13;2999.4
HU20_C13;HU;20;C13;2508.5
HU21_C13;HU;21;C13;2751.2
HU22_C13;HU;22;C13;2998.2
HU23_C13;HU;23;C13;3313.2
MT10_C13;MT;10;C13;266.7
MT11_C13;MT;11;C13;281.5
MT12_C13;MT;12;C13;289.2
MT13_C13;MT;13;C13;293.6
MT14_C13;MT;14;C13;309.8
MT15_C13;MT;15;C13;320.5
MT16_C13;MT;16;C13;335.2
MT17_C13;MT;17;C13;347.4
MT18_C13;MT;18;C13;383.2
MT19_C13;MT;19;C13;406.2
MT20_C13;MT;20;C13;365.9
MT21_C13;MT;21;C13;447.8
MT22_C13;MT;22;C13;544.0
MT23_C13;MT;23;C13;592.9
NL10_C13;NL;10;C13;17185.0
NL11_C13;NL;11;C13;17828.0
NL12_C13;NL;12;C13;18026.0
NL13_C13;NL;13;C13;18579.0
NL14_C13;NL;14;C13;18572.0
NL15_C13;NL;15;C13;18862.0
NL16_C13;NL;16;C13;18934.0
NL17_C13;NL;17;C13;19300.0
NL18_C13;NL;18;C13;19994.0
NL19_C13;NL;19;C13;20914.0
NL20_C13;NL;20;C13;20539.0
NL21_C13;NL;21;C13;21986.0
NL22_C13;NL;22;C13;24745.0
NL23_C13;NL;23;C13;26616.0
AT10_C13;AT;10;C13;9790.7
AT11_C13;AT;11;C13;10006.4
AT12_C13;AT;12;C13;10450.5
AT13_C13;AT;13;C13;10601.1
AT14_C13;AT;14;C13;10527.3
AT15_C13;AT;15;C13;11034.2
AT16_C13;AT;16;C13;11391.7
AT17_C13;AT;17;C13;11658.4
AT18_C13;AT;18;C13;11899.8
AT19_C13;AT;19;C13;12484.5
AT20_C13;AT;20;C13;11999.2
AT21_C13;AT;21;C13;12704.2
AT22_C13;AT;22;C13;14001.4
AT23_C13;AT;23;C13;14633.0
PT10_C13;PT;10;C13;7456.4
PT11_C13;PT;11;C13;7312.2
PT12_C13;PT;12;C13;7066.4
PT13_C13;PT;13;C13;7215.7
PT14_C13;PT;14;C13;7613.3
PT15_C13;PT;15;C13;7909.4
PT16_C13;PT;16;C13;8207.3
PT17_C13;PT;17;C13;8649.0
PT18_C13;PT;18;C13;9121.6
PT19_C13;PT;19;C13;9575.5
PT20_C13;PT;20;C13;8264.4
PT21_C13;PT;21;C13;8846.8
PT22_C13;PT;22;C13;10523.1
PT23_C13;PT;23;C13;11246.257293091921
SI10_C13;SI;10;C13;1024.9
SI11_C13;SI;11;C13;1084.5
SI12_C13;SI;12;C13;1083.3
SI13_C13;SI;13;C13;1016.9
SI14_C13;SI;14;C13;1076.2
SI15_C13;SI;15;C13;1128.1
SI16_C13;SI;16;C13;1211.8
SI17_C13;SI;17;C13;1279.3
SI18_C13;SI;18;C13;1354.8
SI19_C13;SI;19;C13;1420.5
SI20_C13;SI;20;C13;1311.8
SI21_C13;SI;21;C13;1448.7
SI22_C13;SI;22;C13;1609.8
SI23_C13;SI;23;C13;1767.5
SE10_C13;SE;10;C13;10440.5
SE11_C13;SE;11;C13;11648.7
SE12_C13;SE;12;C13;12380.8
SE13_C13;SE;13;C13;12879.6
SE14_C13;SE;14;C13;12721.2
SE15_C13;SE;15;C13;13219.8
SE16_C13;SE;16;C13;13609.5
SE17_C13;SE;17;C13;13702.1
SE18_C13;SE;18;C13;13327.4
SE19_C13;SE;19;C13;13258.8
SE20_C13;SE;20;C13;13389.5
SE21_C13;SE;21;C13;14688.7
SE22_C13;SE;22;C13;14871.4
SE23_C13;SE;23;C13;14549.4
